timestamp,year,Game of the Year,Best Independent Game,Best Narrative,Best Art Direction,Best Soundtrack,Best Multiplayer,Best Game Direction
2026-09-10T19:36:21.590073,2025,Clair Obscur: Expedition 33,Silksong,Clair Obscur: Expedition 33,Ghost of Yōtei,Clair Obscur: Expedition 33,Arc Raiders,Clair Obscur: Expedition 33
2026-09-10T19:36:23.362644,2025,NaN,NaN,NaN,NaN,NaN,NaN,NaN
2026-09-10T19:36:50.314383,2025,Clair Obscur: Expedition 33,Silksong,Clair Obscur: Expedition 33,Ghost of Yōtei,Clair Obscur: Expedition 33,Arc Raiders,Clair Obscur: Expedition 33
2026-09-10T19:36:50.724832,2025,TestGame_1789079810339,NaN,NaN,NaN,NaN,NaN,NaN
2026-09-10T19:36:51.075662,2025,CsvTestGame_1789079810740,NaN,NaN,NaN,NaN,NaN,NaN
2026-09-10T19:36:52.493540,2025,PartialNull_1789079812143,NaN,NaN,NaN,NaN,NaN,NaN
2026-09-10T19:36:52.870263,2025,PartialNan_1789079812510,NaN,NaN,NaN,NaN,NaN,NaN
2026-09-10T19:36:53.222768,2025,NaN,NaN,NaN,NaN,NaN,NaN,NaN
2026-09-10T19:36:53.603047,2025,FlatSchema_1789079813238,NaN,NaN,NaN,NaN,NaN,NaN
2026-09-10T19:37:20.411866,2025,"TestGame, With Comma 1789079839",NaN,NaN,NaN,NaN,NaN,NaN
2026-09-10T19:37:21.104204,2025,"Game ""Quoted"" 1789079840",NaN,NaN,NaN,NaN,NaN,NaN
2026-09-10T19:37:21.490451,2025,Ghost of Yōtei 1789079841,NaN,NaN,NaN,NaN,NaN,NaN
2026-09-10T19:37:21.864956,2025,Rapid_0,NaN,NaN,NaN,NaN,NaN,NaN
2026-09-10T19:37:21.878115,2025,Rapid_1,NaN,NaN,NaN,NaN,NaN,NaN
2026-09-10T19:37:21.908764,2025,Rapid_2,NaN,NaN,NaN,NaN,NaN,NaN
2026-09-10T19:37:21.939555,2025,Rapid_3,NaN,NaN,NaN,NaN,NaN,NaN
2026-09-10T19:37:21.951788,2025,Rapid_4,NaN,NaN,NaN,NaN,NaN,NaN
2026-09-10T19:37:22.344007,2025,OneOfSeven_1789079841,NaN,NaN,NaN,NaN,NaN,NaN
2026-09-10T19:37:22.717482,2025,Game 1,Game 2,Game 3,Game 4,Game 5,Game 6,NaN
2026-09-10T19:37:23.069749,2025,Test Game,NaN,NaN,NaN,NaN,NaN,NaN
2026-09-10T19:37:23.447312,2025,NaN,NaN,NaN,NaN,NaN,NaN,NaN
2026-09-10T19:37:24.147286,2025,Game A,NaN,NaN,NaN,NaN,NaN,NaN
2026-09-10T19:37:24.160548,2025,Game B,NaN,NaN,NaN,NaN,NaN,NaN
2026-09-10T19:37:44.235141,2025,E2E_GOTY_Pick_1789079863827,NaN,Clair Obscur: Expedition 33,NaN,NaN,NaN,NaN
2026-09-10T19:37:44.932498,2025,Partial_CSV_Pick_1789079864258,NaN,NaN,NaN,NaN,NaN,NaN
2026-09-10T19:37:45.652966,2025,Full_1789079864967_Game_of_the_Year,Full_1789079864967_Best_Independent_Game,Full_1789079864967_Best_Narrative,Full_1789079864967_Best_Art_Direction,Full_1789079864967_Best_Soundtrack,Full_1789079864967_Best_Multiplayer,Full_1789079864967_Best_Game_Direction
2026-09-10T19:37:56.182472,2025,Clair Obscur: Expedition 33 S2_1789079875771,Blue Prince S2_1789079875771,Silent Hill f S2_1789079875771,Ghost of Yōtei S2_1789079875771,Hades II S2_1789079875771,Arc Raiders S2_1789079875771,Death Stranding 2 S2_1789079875771
2026-09-10T19:37:56.879429,2024,Balatro S3_1789079876214,NaN,NaN,NaN,Final Fantasy VII Rebirth S3_1789079876214,NaN,NaN
2026-09-10T19:44:18.809041,2025,E2E_GOTY_Pick_1789080258379,NaN,Clair Obscur: Expedition 33,NaN,NaN,NaN,NaN
2026-09-10T19:44:19.194767,2025,Partial_CSV_Pick_1789080258834,NaN,NaN,NaN,NaN,NaN,NaN
2026-09-10T19:44:19.575906,2025,Full_1789080259221_Game_of_the_Year,Full_1789080259221_Best_Independent_Game,Full_1789080259221_Best_Narrative,Full_1789080259221_Best_Art_Direction,Full_1789080259221_Best_Soundtrack,Full_1789080259221_Best_Multiplayer,Full_1789080259221_Best_Game_Direction
2026-09-10T19:44:19.985565,2024,Toggle_1789080259599,NaN,NaN,NaN,NaN,NaN,NaN
2026-09-10T19:44:21.423313,2014,Game2014_1789080261,NaN,NaN,NaN,NaN,NaN,NaN
2026-09-10T19:44:21.440623,2020,Game2020_1789080261,NaN,NaN,NaN,NaN,NaN,NaN
2026-09-10T19:44:21.454334,2025,Game2025_1789080261,NaN,NaN,NaN,NaN,NaN,NaN
2026-09-10T19:44:22.140507,2025,"Ghost of Yōtei: Director's ""Special"" Edition 1789080261",NaN,NaN,NaN,NaN,NaN,NaN
2026-09-10T19:44:22.861738,2025,NaN,NaN,NaN,NaN,NaN,NaN,NaN
2026-09-10T19:44:23.281391,2025,Roundtrip_1789080262915,NaN,NaN,NaN,NaN,NaN,NaN
2026-09-10T19:44:31.282583,2025,Clair Obscur: Expedition 33 S2_1789080270892,Blue Prince S2_1789080270892,Silent Hill f S2_1789080270892,Ghost of Yōtei S2_1789080270892,Hades II S2_1789080270892,Arc Raiders S2_1789080270892,Death Stranding 2 S2_1789080270892
2026-09-10T19:44:31.685601,2024,Balatro S3_1789080271307,NaN,NaN,NaN,Final Fantasy VII Rebirth S3_1789080271307,NaN,NaN
2026-09-10T19:45:27.345528,2025,Clair Obscur: Expedition 33,Silksong,Clair Obscur: Expedition 33,Ghost of Yōtei,Clair Obscur: Expedition 33,Arc Raiders,Clair Obscur: Expedition 33
2026-09-10T19:45:27.731573,2025,TestGame_1789080327368,NaN,NaN,NaN,NaN,NaN,NaN
2026-09-10T19:45:28.109778,2025,CsvTestGame_1789080327749,NaN,NaN,NaN,NaN,NaN,NaN
2026-09-10T19:45:29.519635,2025,PartialNull_1789080328860,NaN,NaN,NaN,NaN,NaN,NaN
2026-09-10T19:45:30.228232,2025,PartialNan_1789080329547,NaN,NaN,NaN,NaN,NaN,NaN
2026-09-10T19:45:30.911487,2025,NaN,NaN,NaN,NaN,NaN,NaN,NaN
2026-09-10T19:45:31.299950,2025,FlatSchema_1789080330929,NaN,NaN,NaN,NaN,NaN,NaN
2026-09-10T19:45:34.516133,2025,"TestGame, With Comma 1789080333",NaN,NaN,NaN,NaN,NaN,NaN
2026-09-10T19:45:34.898042,2025,"Game ""Quoted"" 1789080334",NaN,NaN,NaN,NaN,NaN,NaN
2026-09-10T19:45:35.583443,2025,Ghost of Yōtei 1789080334,NaN,NaN,NaN,NaN,NaN,NaN
2026-09-10T19:45:36.313088,2025,Rapid_0,NaN,NaN,NaN,NaN,NaN,NaN
2026-09-10T19:45:36.334974,2025,Rapid_1,NaN,NaN,NaN,NaN,NaN,NaN
2026-09-10T19:45:36.360123,2025,Rapid_2,NaN,NaN,NaN,NaN,NaN,NaN
2026-09-10T19:45:36.377490,2025,Rapid_3,NaN,NaN,NaN,NaN,NaN,NaN
2026-09-10T19:45:36.394541,2025,Rapid_4,NaN,NaN,NaN,NaN,NaN,NaN
2026-09-10T19:45:37.078683,2025,OneOfSeven_1789080336,NaN,NaN,NaN,NaN,NaN,NaN
2026-09-10T19:45:37.452479,2025,Game 1,Game 2,Game 3,Game 4,Game 5,Game 6,NaN
2026-09-10T19:45:37.828475,2025,Test Game,NaN,NaN,NaN,NaN,NaN,NaN
2026-09-10T19:45:38.194163,2025,NaN,NaN,NaN,NaN,NaN,NaN,NaN
2026-09-10T19:45:38.548106,2025,Game A,NaN,NaN,NaN,NaN,NaN,NaN
2026-09-10T19:45:38.562479,2025,Game B,NaN,NaN,NaN,NaN,NaN,NaN
2026-09-10T19:45:39.495462,2025,E2E_GOTY_Pick_1789080339136,NaN,Clair Obscur: Expedition 33,NaN,NaN,NaN,NaN
2026-09-10T19:45:39.860806,2025,Partial_CSV_Pick_1789080339515,NaN,NaN,NaN,NaN,NaN,NaN
2026-09-10T19:45:40.217645,2025,Full_1789080339877_Game_of_the_Year,Full_1789080339877_Best_Independent_Game,Full_1789080339877_Best_Narrative,Full_1789080339877_Best_Art_Direction,Full_1789080339877_Best_Soundtrack,Full_1789080339877_Best_Multiplayer,Full_1789080339877_Best_Game_Direction
2026-09-10T19:45:40.599699,2024,Toggle_1789080340235,NaN,NaN,NaN,NaN,NaN,NaN
2026-09-10T19:45:42.039823,2014,Game2014_1789080341,NaN,NaN,NaN,NaN,NaN,NaN
2026-09-10T19:45:42.085803,2020,Game2020_1789080341,NaN,NaN,NaN,NaN,NaN,NaN
2026-09-10T19:45:42.103931,2025,Game2025_1789080341,NaN,NaN,NaN,NaN,NaN,NaN
2026-09-10T19:45:42.494679,2025,"Ghost of Yōtei: Director's ""Special"" Edition 1789080342",NaN,NaN,NaN,NaN,NaN,NaN
2026-09-10T19:45:42.877952,2025,NaN,NaN,NaN,NaN,NaN,NaN,NaN
2026-09-10T19:45:43.270488,2025,Roundtrip_1789080342936,NaN,NaN,NaN,NaN,NaN,NaN
2026-09-10T19:45:43.661773,2025,Clair Obscur: Expedition 33 S2_1789080343318,Blue Prince S2_1789080343318,Silent Hill f S2_1789080343318,Ghost of Yōtei S2_1789080343318,Hades II S2_1789080343318,Arc Raiders S2_1789080343318,Death Stranding 2 S2_1789080343318
2026-09-10T19:45:44.022866,2024,Balatro S3_1789080343687,NaN,NaN,NaN,Final Fantasy VII Rebirth S3_1789080343687,NaN,NaN
2026-09-10T19:49:49.132122,2025,Clair Obscur: Expedition 33,Silksong,Clair Obscur: Expedition 33,Ghost of Yōtei,Clair Obscur: Expedition 33,Arc Raiders,Clair Obscur: Expedition 33
2026-09-10T19:49:49.853121,2025,TestGame_1789080589162,NaN,NaN,NaN,NaN,NaN,NaN
2026-09-10T19:49:50.240406,2025,CsvTestGame_1789080589880,NaN,NaN,NaN,NaN,NaN,NaN
2026-09-10T19:49:51.990531,2025,PartialNull_1789080591647,NaN,NaN,NaN,NaN,NaN,NaN
2026-09-10T19:49:52.390658,2025,PartialNan_1789080592017,NaN,NaN,NaN,NaN,NaN,NaN
2026-09-10T19:49:52.806768,2025,NaN,NaN,NaN,NaN,NaN,NaN,NaN
2026-09-10T19:49:53.194164,2025,FlatSchema_1789080592837,NaN,NaN,NaN,NaN,NaN,NaN
2026-09-10T19:49:56.280612,2025,"TestGame, With Comma 1789080595",NaN,NaN,NaN,NaN,NaN,NaN
2026-09-10T19:49:56.690067,2025,"Game ""Quoted"" 1789080596",NaN,NaN,NaN,NaN,NaN,NaN
2026-09-10T19:49:57.055532,2025,Ghost of Yōtei 1789080596,NaN,NaN,NaN,NaN,NaN,NaN
2026-09-10T19:49:57.434617,2025,Rapid_0,NaN,NaN,NaN,NaN,NaN,NaN
2026-09-10T19:49:57.453196,2025,Rapid_1,NaN,NaN,NaN,NaN,NaN,NaN
2026-09-10T19:49:57.479932,2025,Rapid_2,NaN,NaN,NaN,NaN,NaN,NaN
2026-09-10T19:49:57.496613,2025,Rapid_3,NaN,NaN,NaN,NaN,NaN,NaN
2026-09-10T19:49:57.514552,2025,Rapid_4,NaN,NaN,NaN,NaN,NaN,NaN
2026-09-10T19:49:57.877612,2025,OneOfSeven_1789080597,NaN,NaN,NaN,NaN,NaN,NaN
2026-09-10T19:49:58.291166,2025,Game 1,Game 2,Game 3,Game 4,Game 5,Game 6,NaN
2026-09-10T19:49:58.721905,2025,Test Game,NaN,NaN,NaN,NaN,NaN,NaN
2026-09-10T19:49:59.109204,2025,NaN,NaN,NaN,NaN,NaN,NaN,NaN
2026-09-10T19:49:59.474077,2025,Game A,NaN,NaN,NaN,NaN,NaN,NaN
2026-09-10T19:49:59.510606,2025,Game B,NaN,NaN,NaN,NaN,NaN,NaN
2026-09-10T19:50:00.537782,2025,E2E_GOTY_Pick_1789080600177,NaN,Clair Obscur: Expedition 33,NaN,NaN,NaN,NaN
2026-09-10T19:50:00.925339,2025,Partial_CSV_Pick_1789080600559,NaN,NaN,NaN,NaN,NaN,NaN
2026-09-10T19:50:01.329045,2025,Full_1789080600969_Game_of_the_Year,Full_1789080600969_Best_Independent_Game,Full_1789080600969_Best_Narrative,Full_1789080600969_Best_Art_Direction,Full_1789080600969_Best_Soundtrack,Full_1789080600969_Best_Multiplayer,Full_1789080600969_Best_Game_Direction
2026-09-10T19:50:01.758377,2024,Toggle_1789080601371,NaN,NaN,NaN,NaN,NaN,NaN
2026-09-10T19:50:03.205916,2014,Game2014_1789080602,NaN,NaN,NaN,NaN,NaN,NaN
2026-09-10T19:50:03.260580,2020,Game2020_1789080602,NaN,NaN,NaN,NaN,NaN,NaN
2026-09-10T19:50:03.299551,2025,Game2025_1789080602,NaN,NaN,NaN,NaN,NaN,NaN
2026-09-10T19:50:03.686457,2025,"Ghost of Yōtei: Director's ""Special"" Edition 1789080603",NaN,NaN,NaN,NaN,NaN,NaN
2026-09-10T19:50:04.143518,2025,NaN,NaN,NaN,NaN,NaN,NaN,NaN
2026-09-10T19:50:04.549827,2025,Roundtrip_1789080604212,NaN,NaN,NaN,NaN,NaN,NaN
2026-09-10T19:50:04.939615,2025,Clair Obscur: Expedition 33 S2_1789080604598,Blue Prince S2_1789080604598,Silent Hill f S2_1789080604598,Ghost of Yōtei S2_1789080604598,Hades II S2_1789080604598,Arc Raiders S2_1789080604598,Death Stranding 2 S2_1789080604598
2026-09-10T19:50:05.351906,2024,Balatro S3_1789080604971,NaN,NaN,NaN,Final Fantasy VII Rebirth S3_1789080604971,NaN,NaN
2026-09-10T19:53:16.645442,2025,"TestGame, With Comma 1789080796",NaN,NaN,NaN,NaN,NaN,NaN
2026-09-10T19:53:17.048739,2025,"Game ""Quoted"" 1789080796",NaN,NaN,NaN,NaN,NaN,NaN
2026-09-10T19:53:17.450960,2025,Ghost of Yōtei 1789080797,NaN,NaN,NaN,NaN,NaN,NaN
2026-09-10T19:53:17.891415,2025,Rapid_0,NaN,NaN,NaN,NaN,NaN,NaN
2026-09-10T19:53:17.910136,2025,Rapid_1,NaN,NaN,NaN,NaN,NaN,NaN
2026-09-10T19:53:17.924469,2025,Rapid_2,NaN,NaN,NaN,NaN,NaN,NaN
2026-09-10T19:53:17.940503,2025,Rapid_3,NaN,NaN,NaN,NaN,NaN,NaN
2026-09-10T19:53:17.957808,2025,Rapid_4,NaN,NaN,NaN,NaN,NaN,NaN
2026-09-10T19:53:18.331241,2025,OneOfSeven_1789080797,NaN,NaN,NaN,NaN,NaN,NaN
2026-09-10T19:53:18.715515,2025,Game 1,Game 2,Game 3,Game 4,Game 5,Game 6,NaN
2026-09-10T19:53:19.399295,2025,Test Game,NaN,NaN,NaN,NaN,NaN,NaN
2026-09-10T19:53:20.116530,2025,NaN,NaN,NaN,NaN,NaN,NaN,NaN
2026-09-10T19:53:20.520344,2025,Game A,NaN,NaN,NaN,NaN,NaN,NaN
2026-09-10T19:53:20.537264,2025,Game B,NaN,NaN,NaN,NaN,NaN,NaN
2026-09-10T19:53:28.468361,2025,Clair Obscur: Expedition 33,Silksong,Clair Obscur: Expedition 33,Ghost of Yōtei,Clair Obscur: Expedition 33,Arc Raiders,Clair Obscur: Expedition 33
2026-09-10T19:53:29.172518,2025,TestGame_1789080808499,NaN,NaN,NaN,NaN,NaN,NaN
2026-09-10T19:53:29.576199,2025,CsvTestGame_1789080809205,NaN,NaN,NaN,NaN,NaN,NaN
2026-09-10T19:53:30.991907,2025,PartialNull_1789080810325,NaN,NaN,NaN,NaN,NaN,NaN
2026-09-10T19:53:31.431152,2025,PartialNan_1789080811038,NaN,NaN,NaN,NaN,NaN,NaN
2026-09-10T19:53:31.798454,2025,NaN,NaN,NaN,NaN,NaN,NaN,NaN
2026-09-10T19:53:32.155996,2025,FlatSchema_1789080811819,NaN,NaN,NaN,NaN,NaN,NaN
2026-09-10T19:53:38.238545,2025,Clair Obscur: Expedition 33 S2_1789080817855,Blue Prince S2_1789080817855,Silent Hill f S2_1789080817855,Ghost of Yōtei S2_1789080817855,Hades II S2_1789080817855,Arc Raiders S2_1789080817855,Death Stranding 2 S2_1789080817855
2026-09-10T19:53:38.631559,2024,Balatro S3_1789080818266,NaN,NaN,NaN,Final Fantasy VII Rebirth S3_1789080818266,NaN,NaN
2026-09-10T19:54:03.490570,2025,E2E_GOTY_Pick_1789080843078,NaN,Clair Obscur: Expedition 33,NaN,NaN,NaN,NaN
2026-09-10T19:54:03.874342,2025,Partial_CSV_Pick_1789080843513,NaN,NaN,NaN,NaN,NaN,NaN
2026-09-10T19:54:04.280964,2025,Full_1789080843905_Game_of_the_Year,Full_1789080843905_Best_Independent_Game,Full_1789080843905_Best_Narrative,Full_1789080843905_Best_Art_Direction,Full_1789080843905_Best_Soundtrack,Full_1789080843905_Best_Multiplayer,Full_1789080843905_Best_Game_Direction
2026-09-10T19:54:04.682966,2024,Toggle_1789080844306,NaN,NaN,NaN,NaN,NaN,NaN
2026-09-10T19:54:06.086749,2014,Game2014_1789080845,NaN,NaN,NaN,NaN,NaN,NaN
2026-09-10T19:54:06.115047,2020,Game2020_1789080845,NaN,NaN,NaN,NaN,NaN,NaN
2026-09-10T19:54:06.136334,2025,Game2025_1789080845,NaN,NaN,NaN,NaN,NaN,NaN
2026-09-10T19:54:06.497744,2025,"Ghost of Yōtei: Director's ""Special"" Edition 1789080846",NaN,NaN,NaN,NaN,NaN,NaN
2026-09-10T19:54:06.937627,2025,NaN,NaN,NaN,NaN,NaN,NaN,NaN
2026-09-10T19:54:07.359609,2025,Roundtrip_1789080847000,NaN,NaN,NaN,NaN,NaN,NaN
2026-09-10T19:56:09.914180,2025,Clair Obscur: Expedition 33,Silksong,Clair Obscur: Expedition 33,Ghost of Yōtei,Clair Obscur: Expedition 33,Arc Raiders,Clair Obscur: Expedition 33
2026-09-10T19:56:10.303467,2025,TestGame_1789080969933,NaN,NaN,NaN,NaN,NaN,NaN
2026-09-10T19:56:10.719815,2025,CsvTestGame_1789080970345,NaN,NaN,NaN,NaN,NaN,NaN
2026-09-10T19:56:11.820145,2025,PartialNull_1789080971466,NaN,NaN,NaN,NaN,NaN,NaN
2026-09-10T19:56:12.208856,2025,PartialNan_1789080971846,NaN,NaN,NaN,NaN,NaN,NaN
2026-09-10T19:56:12.570288,2025,NaN,NaN,NaN,NaN,NaN,NaN,NaN
2026-09-10T19:56:12.996273,2025,FlatSchema_1789080972626,NaN,NaN,NaN,NaN,NaN,NaN
2026-09-10T19:56:15.622895,2025,"TestGame, With Comma 1789080975",NaN,NaN,NaN,NaN,NaN,NaN
2026-09-10T19:56:16.032105,2025,"Game ""Quoted"" 1789080975",NaN,NaN,NaN,NaN,NaN,NaN
2026-09-10T19:56:16.385259,2025,Ghost of Yōtei 1789080976,NaN,NaN,NaN,NaN,NaN,NaN
2026-09-10T19:56:16.747568,2025,Rapid_0,NaN,NaN,NaN,NaN,NaN,NaN
2026-09-10T19:56:16.771921,2025,Rapid_1,NaN,NaN,NaN,NaN,NaN,NaN
2026-09-10T19:56:16.821263,2025,Rapid_2,NaN,NaN,NaN,NaN,NaN,NaN
2026-09-10T19:56:16.839881,2025,Rapid_3,NaN,NaN,NaN,NaN,NaN,NaN
2026-09-10T19:56:16.858699,2025,Rapid_4,NaN,NaN,NaN,NaN,NaN,NaN
2026-09-10T19:56:17.241344,2025,OneOfSeven_1789080976,NaN,NaN,NaN,NaN,NaN,NaN
2026-09-10T19:56:17.594238,2025,Game 1,Game 2,Game 3,Game 4,Game 5,Game 6,NaN
2026-09-10T19:56:17.963515,2025,Test Game,NaN,NaN,NaN,NaN,NaN,NaN
2026-09-10T19:56:18.350687,2025,NaN,NaN,NaN,NaN,NaN,NaN,NaN
2026-09-10T19:56:19.042277,2025,Game A,NaN,NaN,NaN,NaN,NaN,NaN
2026-09-10T19:56:19.061158,2025,Game B,NaN,NaN,NaN,NaN,NaN,NaN
2026-09-10T19:56:19.968717,2025,E2E_GOTY_Pick_1789080979616,NaN,Clair Obscur: Expedition 33,NaN,NaN,NaN,NaN
2026-09-10T19:56:20.360281,2025,Partial_CSV_Pick_1789080979998,NaN,NaN,NaN,NaN,NaN,NaN
2026-09-10T19:56:20.744341,2025,Full_1789080980383_Game_of_the_Year,Full_1789080980383_Best_Independent_Game,Full_1789080980383_Best_Narrative,Full_1789080980383_Best_Art_Direction,Full_1789080980383_Best_Soundtrack,Full_1789080980383_Best_Multiplayer,Full_1789080980383_Best_Game_Direction
2026-09-10T19:56:21.110537,2024,Toggle_1789080980766,NaN,NaN,NaN,NaN,NaN,NaN
2026-09-10T19:56:22.515140,2014,Game2014_1789080982,NaN,NaN,NaN,NaN,NaN,NaN
2026-09-10T19:56:22.549340,2020,Game2020_1789080982,NaN,NaN,NaN,NaN,NaN,NaN
2026-09-10T19:56:22.568080,2025,Game2025_1789080982,NaN,NaN,NaN,NaN,NaN,NaN
2026-09-10T19:56:23.267523,2025,"Ghost of Yōtei: Director's ""Special"" Edition 1789080982",NaN,NaN,NaN,NaN,NaN,NaN
2026-09-10T19:56:23.698930,2025,NaN,NaN,NaN,NaN,NaN,NaN,NaN
2026-09-10T19:56:24.108594,2025,Roundtrip_1789080983770,NaN,NaN,NaN,NaN,NaN,NaN
2026-09-10T19:56:24.508269,2025,Clair Obscur: Expedition 33 S2_1789080984150,Blue Prince S2_1789080984150,Silent Hill f S2_1789080984150,Ghost of Yōtei S2_1789080984150,Hades II S2_1789080984150,Arc Raiders S2_1789080984150,Death Stranding 2 S2_1789080984150
2026-09-10T19:56:24.872551,2024,Balatro S3_1789080984534,NaN,NaN,NaN,Final Fantasy VII Rebirth S3_1789080984534,NaN,NaN
2026-09-10T19:57:27.646732,2025,E2E_GOTY_Pick_1789081047266,NaN,Clair Obscur: Expedition 33,NaN,NaN,NaN,NaN
2026-09-10T19:57:28.033289,2025,Partial_CSV_Pick_1789081047677,NaN,NaN,NaN,NaN,NaN,NaN
2026-09-10T19:57:28.420369,2025,Full_1789081048056_Game_of_the_Year,Full_1789081048056_Best_Independent_Game,Full_1789081048056_Best_Narrative,Full_1789081048056_Best_Art_Direction,Full_1789081048056_Best_Soundtrack,Full_1789081048056_Best_Multiplayer,Full_1789081048056_Best_Game_Direction
2026-09-10T19:57:28.822525,2024,Toggle_1789081048456,NaN,NaN,NaN,NaN,NaN,NaN
2026-09-10T19:57:30.209474,2014,Game2014_1789081049,NaN,NaN,NaN,NaN,NaN,NaN
2026-09-10T19:57:30.254992,2020,Game2020_1789081049,NaN,NaN,NaN,NaN,NaN,NaN
2026-09-10T19:57:30.281461,2025,Game2025_1789081049,NaN,NaN,NaN,NaN,NaN,NaN
2026-09-10T19:57:30.672523,2025,"Ghost of Yōtei: Director's ""Special"" Edition 1789081050",NaN,NaN,NaN,NaN,NaN,NaN
2026-09-10T19:57:31.088888,2025,NaN,NaN,NaN,NaN,NaN,NaN,NaN
2026-09-10T19:57:31.483835,2025,Roundtrip_1789081051150,NaN,NaN,NaN,NaN,NaN,NaN
2026-09-10T19:57:37.988308,2025,Clair Obscur: Expedition 33,Silksong,Clair Obscur: Expedition 33,Ghost of Yōtei,Clair Obscur: Expedition 33,Arc Raiders,Clair Obscur: Expedition 33
2026-09-10T19:57:38.776790,2025,CsvTestGame_1789081058441,NaN,NaN,NaN,NaN,NaN,NaN
2026-09-10T19:57:39.882466,2025,PartialNull_1789081059527,NaN,NaN,NaN,NaN,NaN,NaN
2026-09-10T19:57:40.234962,2025,PartialNan_1789081059905,NaN,NaN,NaN,NaN,NaN,NaN
2026-09-10T19:57:40.614205,2025,NaN,NaN,NaN,NaN,NaN,NaN,NaN
2026-09-10T19:57:41.000508,2025,FlatSchema_1789081060634,NaN,NaN,NaN,NaN,NaN,NaN
2026-09-10T19:57:43.794037,2025,"TestGame, With Comma 1789081063",NaN,NaN,NaN,NaN,NaN,NaN
2026-09-10T19:57:44.193485,2025,"Game ""Quoted"" 1789081063",NaN,NaN,NaN,NaN,NaN,NaN
2026-09-10T19:57:44.559607,2025,Ghost of Yōtei 1789081064,NaN,NaN,NaN,NaN,NaN,NaN
2026-09-10T19:57:44.942548,2025,Rapid_0,NaN,NaN,NaN,NaN,NaN,NaN
2026-09-10T19:57:44.963806,2025,Rapid_1,NaN,NaN,NaN,NaN,NaN,NaN
2026-09-10T19:57:45.001001,2025,Rapid_2,NaN,NaN,NaN,NaN,NaN,NaN
2026-09-10T19:57:45.020257,2025,Rapid_3,NaN,NaN,NaN,NaN,NaN,NaN
2026-09-10T19:57:45.062408,2025,Rapid_4,NaN,NaN,NaN,NaN,NaN,NaN
2026-09-10T19:57:45.450530,2025,OneOfSeven_1789081065,NaN,NaN,NaN,NaN,NaN,NaN
2026-09-10T19:57:45.823544,2025,Game 1,Game 2,Game 3,Game 4,Game 5,Game 6,NaN
2026-09-10T19:57:46.211573,2025,Test Game,NaN,NaN,NaN,NaN,NaN,NaN
2026-09-10T19:57:46.598121,2025,NaN,NaN,NaN,NaN,NaN,NaN,NaN
2026-09-10T19:57:46.983572,2025,Game A,NaN,NaN,NaN,NaN,NaN,NaN
2026-09-10T19:57:47.005316,2025,Game B,NaN,NaN,NaN,NaN,NaN,NaN
2026-09-10T19:57:47.969473,2025,E2E_GOTY_Pick_1789081067580,NaN,Clair Obscur: Expedition 33,NaN,NaN,NaN,NaN
2026-09-10T19:57:48.358204,2025,Partial_CSV_Pick_1789081067993,NaN,NaN,NaN,NaN,NaN,NaN
2026-09-10T19:57:48.745525,2025,Full_1789081068384_Game_of_the_Year,Full_1789081068384_Best_Independent_Game,Full_1789081068384_Best_Narrative,Full_1789081068384_Best_Art_Direction,Full_1789081068384_Best_Soundtrack,Full_1789081068384_Best_Multiplayer,Full_1789081068384_Best_Game_Direction
2026-09-10T19:57:49.138865,2024,Toggle_1789081068774,NaN,NaN,NaN,NaN,NaN,NaN
2026-09-10T19:57:50.485049,2014,Game2014_1789081070,NaN,NaN,NaN,NaN,NaN,NaN
2026-09-10T19:57:50.531808,2020,Game2020_1789081070,NaN,NaN,NaN,NaN,NaN,NaN
2026-09-10T19:57:50.553220,2025,Game2025_1789081070,NaN,NaN,NaN,NaN,NaN,NaN
2026-09-10T19:57:50.948831,2025,"Ghost of Yōtei: Director's ""Special"" Edition 1789081070",NaN,NaN,NaN,NaN,NaN,NaN
2026-09-10T19:57:51.370741,2025,NaN,NaN,NaN,NaN,NaN,NaN,NaN
2026-09-10T19:57:51.781861,2025,Roundtrip_1789081071441,NaN,NaN,NaN,NaN,NaN,NaN
2026-09-10T19:57:52.170068,2025,Clair Obscur: Expedition 33 S2_1789081071824,Blue Prince S2_1789081071824,Silent Hill f S2_1789081071824,Ghost of Yōtei S2_1789081071824,Hades II S2_1789081071824,Arc Raiders S2_1789081071824,Death Stranding 2 S2_1789081071824
2026-09-10T19:57:52.553239,2024,Balatro S3_1789081072196,NaN,NaN,NaN,Final Fantasy VII Rebirth S3_1789081072196,NaN,NaN
2026-09-10T19:57:58.768035,2025,Clair Obscur: Expedition 33,Silksong,Clair Obscur: Expedition 33,Ghost of Yōtei,Clair Obscur: Expedition 33,Arc Raiders,Clair Obscur: Expedition 33
2026-09-10T19:57:59.141333,2025,TestGame_1789081078793,NaN,NaN,NaN,NaN,NaN,NaN
2026-09-10T19:57:59.502617,2025,CsvTestGame_1789081079166,NaN,NaN,NaN,NaN,NaN,NaN
2026-09-10T19:58:00.623400,2025,PartialNull_1789081080276,NaN,NaN,NaN,NaN,NaN,NaN
2026-09-10T19:58:01.006575,2025,PartialNan_1789081080666,NaN,NaN,NaN,NaN,NaN,NaN
2026-09-10T19:58:01.380357,2025,NaN,NaN,NaN,NaN,NaN,NaN,NaN
2026-09-10T19:58:01.761512,2025,FlatSchema_1789081081403,NaN,NaN,NaN,NaN,NaN,NaN
2026-09-10T19:58:51.089324,2025,Clair Obscur: Expedition 33,Silksong,Clair Obscur: Expedition 33,Ghost of Yōtei,Clair Obscur: Expedition 33,Arc Raiders,Clair Obscur: Expedition 33
2026-09-10T19:58:51.476245,2025,TestGame_1789081131116,NaN,NaN,NaN,NaN,NaN,NaN
2026-09-10T19:58:51.843593,2025,CsvTestGame_1789081131496,NaN,NaN,NaN,NaN,NaN,NaN
2026-09-10T19:58:52.941227,2025,PartialNull_1789081132579,NaN,NaN,NaN,NaN,NaN,NaN
2026-09-10T19:58:53.341765,2025,PartialNan_1789081132971,NaN,NaN,NaN,NaN,NaN,NaN
2026-09-10T19:58:53.691673,2025,NaN,NaN,NaN,NaN,NaN,NaN,NaN
2026-09-10T19:58:54.074034,2025,FlatSchema_1789081133710,NaN,NaN,NaN,NaN,NaN,NaN
2026-09-10T19:58:56.751567,2025,"TestGame, With Comma 1789081136",NaN,NaN,NaN,NaN,NaN,NaN
2026-09-10T19:58:57.153389,2025,"Game ""Quoted"" 1789081136",NaN,NaN,NaN,NaN,NaN,NaN
2026-09-10T19:58:57.504303,2025,Ghost of Yōtei 1789081137,NaN,NaN,NaN,NaN,NaN,NaN
2026-09-10T19:58:57.884815,2025,Rapid_0,NaN,NaN,NaN,NaN,NaN,NaN
2026-09-10T19:58:57.901299,2025,Rapid_1,NaN,NaN,NaN,NaN,NaN,NaN
2026-09-10T19:58:57.915874,2025,Rapid_2,NaN,NaN,NaN,NaN,NaN,NaN
2026-09-10T19:58:57.930068,2025,Rapid_3,NaN,NaN,NaN,NaN,NaN,NaN
2026-09-10T19:58:57.944893,2025,Rapid_4,NaN,NaN,NaN,NaN,NaN,NaN
2026-09-10T19:58:58.299462,2025,OneOfSeven_1789081137,NaN,NaN,NaN,NaN,NaN,NaN
2026-09-10T19:58:58.681335,2025,Game 1,Game 2,Game 3,Game 4,Game 5,Game 6,NaN
2026-09-10T19:58:59.033529,2025,Test Game,NaN,NaN,NaN,NaN,NaN,NaN
2026-09-10T19:58:59.417457,2025,NaN,NaN,NaN,NaN,NaN,NaN,NaN
2026-09-10T19:58:59.771663,2025,Game A,NaN,NaN,NaN,NaN,NaN,NaN
2026-09-10T19:58:59.790977,2025,Game B,NaN,NaN,NaN,NaN,NaN,NaN
2026-09-10T19:59:00.706981,2025,E2E_GOTY_Pick_1789081140349,NaN,Clair Obscur: Expedition 33,NaN,NaN,NaN,NaN
2026-09-10T19:59:01.059887,2025,Partial_CSV_Pick_1789081140726,NaN,NaN,NaN,NaN,NaN,NaN
2026-09-10T19:59:01.440856,2025,Full_1789081141082_Game_of_the_Year,Full_1789081141082_Best_Independent_Game,Full_1789081141082_Best_Narrative,Full_1789081141082_Best_Art_Direction,Full_1789081141082_Best_Soundtrack,Full_1789081141082_Best_Multiplayer,Full_1789081141082_Best_Game_Direction
2026-09-10T19:59:01.829438,2024,Toggle_1789081141463,NaN,NaN,NaN,NaN,NaN,NaN
2026-09-10T19:59:03.201141,2014,Game2014_1789081142,NaN,NaN,NaN,NaN,NaN,NaN
2026-09-10T19:59:03.224045,2020,Game2020_1789081142,NaN,NaN,NaN,NaN,NaN,NaN
2026-09-10T19:59:03.250512,2025,Game2025_1789081142,NaN,NaN,NaN,NaN,NaN,NaN
2026-09-10T19:59:03.932219,2025,"Ghost of Yōtei: Director's ""Special"" Edition 1789081143",NaN,NaN,NaN,NaN,NaN,NaN
2026-09-10T19:59:04.380718,2025,NaN,NaN,NaN,NaN,NaN,NaN,NaN
2026-09-10T19:59:04.809340,2025,Roundtrip_1789081144441,NaN,NaN,NaN,NaN,NaN,NaN
2026-09-10T19:59:05.184221,2025,Clair Obscur: Expedition 33 S2_1789081144846,Blue Prince S2_1789081144846,Silent Hill f S2_1789081144846,Ghost of Yōtei S2_1789081144846,Hades II S2_1789081144846,Arc Raiders S2_1789081144846,Death Stranding 2 S2_1789081144846
2026-09-10T19:59:05.571232,2024,Balatro S3_1789081145206,NaN,NaN,NaN,Final Fantasy VII Rebirth S3_1789081145206,NaN,NaN
2026-09-10T19:59:14.084419,2025,Clair Obscur: Expedition 33,Silksong,Clair Obscur: Expedition 33,Ghost of Yōtei,Clair Obscur: Expedition 33,Arc Raiders,Clair Obscur: Expedition 33
2026-09-10T19:59:14.490942,2025,TestGame_1789081154111,NaN,NaN,NaN,NaN,NaN,NaN
2026-09-10T19:59:14.845435,2025,CsvTestGame_1789081154510,NaN,NaN,NaN,NaN,NaN,NaN
2026-09-10T19:59:15.957201,2025,PartialNull_1789081155575,NaN,NaN,NaN,NaN,NaN,NaN
2026-09-10T19:59:16.345965,2025,PartialNan_1789081155976,NaN,NaN,NaN,NaN,NaN,NaN
2026-09-10T19:59:16.719366,2025,NaN,NaN,NaN,NaN,NaN,NaN,NaN
2026-09-10T19:59:17.072097,2025,FlatSchema_1789081156735,NaN,NaN,NaN,NaN,NaN,NaN
2026-09-10T19:59:19.890816,2025,"TestGame, With Comma 1789081159",NaN,NaN,NaN,NaN,NaN,NaN
2026-09-10T19:59:20.284129,2025,"Game ""Quoted"" 1789081159",NaN,NaN,NaN,NaN,NaN,NaN
2026-09-10T19:59:20.672953,2025,Ghost of Yōtei 1789081160,NaN,NaN,NaN,NaN,NaN,NaN
2026-09-10T19:59:21.024557,2025,Rapid_0,NaN,NaN,NaN,NaN,NaN,NaN
2026-09-10T19:59:21.043698,2025,Rapid_1,NaN,NaN,NaN,NaN,NaN,NaN
2026-09-10T19:59:21.057979,2025,Rapid_2,NaN,NaN,NaN,NaN,NaN,NaN
2026-09-10T19:59:21.073189,2025,Rapid_3,NaN,NaN,NaN,NaN,NaN,NaN
2026-09-10T19:59:21.108747,2025,Rapid_4,NaN,NaN,NaN,NaN,NaN,NaN
2026-09-10T19:59:21.461628,2025,OneOfSeven_1789081161,NaN,NaN,NaN,NaN,NaN,NaN
2026-09-10T19:59:21.839196,2025,Game 1,Game 2,Game 3,Game 4,Game 5,Game 6,NaN
2026-09-10T19:59:22.227126,2025,Test Game,NaN,NaN,NaN,NaN,NaN,NaN
2026-09-10T19:59:22.602374,2025,NaN,NaN,NaN,NaN,NaN,NaN,NaN
2026-09-10T19:59:22.953278,2025,Game A,NaN,NaN,NaN,NaN,NaN,NaN
2026-09-10T19:59:22.988952,2025,Game B,NaN,NaN,NaN,NaN,NaN,NaN
2026-09-10T19:59:23.967796,2025,E2E_GOTY_Pick_1789081163608,NaN,Clair Obscur: Expedition 33,NaN,NaN,NaN,NaN
2026-09-10T19:59:24.322555,2025,Partial_CSV_Pick_1789081163990,NaN,NaN,NaN,NaN,NaN,NaN
2026-09-10T19:59:24.718815,2025,Full_1789081164361_Game_of_the_Year,Full_1789081164361_Best_Independent_Game,Full_1789081164361_Best_Narrative,Full_1789081164361_Best_Art_Direction,Full_1789081164361_Best_Soundtrack,Full_1789081164361_Best_Multiplayer,Full_1789081164361_Best_Game_Direction
2026-09-10T19:59:25.105732,2024,Toggle_1789081164740,NaN,NaN,NaN,NaN,NaN,NaN
2026-09-10T19:59:26.474261,2014,Game2014_1789081166,NaN,NaN,NaN,NaN,NaN,NaN
2026-09-10T19:59:26.494657,2020,Game2020_1789081166,NaN,NaN,NaN,NaN,NaN,NaN
2026-09-10T19:59:26.510791,2025,Game2025_1789081166,NaN,NaN,NaN,NaN,NaN,NaN
2026-09-10T19:59:26.883703,2025,"Ghost of Yōtei: Director's ""Special"" Edition 1789081166",NaN,NaN,NaN,NaN,NaN,NaN
2026-09-10T19:59:27.281421,2025,NaN,NaN,NaN,NaN,NaN,NaN,NaN
2026-09-10T19:59:27.689874,2025,Roundtrip_1789081167340,NaN,NaN,NaN,NaN,NaN,NaN
2026-09-10T19:59:28.101857,2025,Clair Obscur: Expedition 33 S2_1789081167744,Blue Prince S2_1789081167744,Silent Hill f S2_1789081167744,Ghost of Yōtei S2_1789081167744,Hades II S2_1789081167744,Arc Raiders S2_1789081167744,Death Stranding 2 S2_1789081167744
2026-09-10T19:59:28.453499,2024,Balatro S3_1789081168123,NaN,NaN,NaN,Final Fantasy VII Rebirth S3_1789081168123,NaN,NaN
2026-09-10T20:02:19.253564,2025,Clair Obscur: Expedition 33,Silksong,Clair Obscur: Expedition 33,Ghost of Yōtei,Clair Obscur: Expedition 33,Arc Raiders,Clair Obscur: Expedition 33
2026-09-10T20:02:19.645379,2025,TestGame_1789081339274,NaN,NaN,NaN,NaN,NaN,NaN
2026-09-10T20:02:20.018961,2025,CsvTestGame_1789081339663,NaN,NaN,NaN,NaN,NaN,NaN
2026-09-10T20:02:21.197359,2025,PartialNull_1789081340807,NaN,NaN,NaN,NaN,NaN,NaN
2026-09-10T20:02:21.585206,2025,PartialNan_1789081341222,NaN,NaN,NaN,NaN,NaN,NaN
2026-09-10T20:02:21.969953,2025,NaN,NaN,NaN,NaN,NaN,NaN,NaN
2026-09-10T20:02:22.341669,2025,FlatSchema_1789081341988,NaN,NaN,NaN,NaN,NaN,NaN
2026-09-10T20:02:25.048291,2025,"TestGame, With Comma 1789081344",NaN,NaN,NaN,NaN,NaN,NaN
2026-09-10T20:02:25.483446,2025,"Game ""Quoted"" 1789081345",NaN,NaN,NaN,NaN,NaN,NaN
2026-09-10T20:02:25.859037,2025,Ghost of Yōtei 1789081345,NaN,NaN,NaN,NaN,NaN,NaN
2026-09-10T20:02:26.248335,2025,Rapid_0,NaN,NaN,NaN,NaN,NaN,NaN
2026-09-10T20:02:26.269042,2025,Rapid_1,NaN,NaN,NaN,NaN,NaN,NaN
2026-09-10T20:02:26.308218,2025,Rapid_2,NaN,NaN,NaN,NaN,NaN,NaN
2026-09-10T20:02:26.323148,2025,Rapid_3,NaN,NaN,NaN,NaN,NaN,NaN
2026-09-10T20:02:26.340294,2025,Rapid_4,NaN,NaN,NaN,NaN,NaN,NaN
2026-09-10T20:02:26.707443,2025,OneOfSeven_1789081346,NaN,NaN,NaN,NaN,NaN,NaN
2026-09-10T20:02:27.087896,2025,Game 1,Game 2,Game 3,Game 4,Game 5,Game 6,NaN
2026-09-10T20:02:27.252003,2025,Clair Obscur: Expedition 33,Silksong,Clair Obscur: Expedition 33,Ghost of Yōtei,Clair Obscur: Expedition 33,Arc Raiders,Clair Obscur: Expedition 33
2026-09-10T20:02:27.474626,2025,Test Game,NaN,NaN,NaN,NaN,NaN,NaN
2026-09-10T20:02:27.663315,2025,TestGame_1789081347285,NaN,NaN,NaN,NaN,NaN,NaN
2026-09-10T20:02:27.851671,2025,NaN,NaN,NaN,NaN,NaN,NaN,NaN
2026-09-10T20:02:28.037687,2025,CsvTestGame_1789081347685,NaN,NaN,NaN,NaN,NaN,NaN
2026-09-10T20:02:28.246717,2025,Game A,NaN,NaN,NaN,NaN,NaN,NaN
2026-09-10T20:02:28.293426,2025,Game B,NaN,NaN,NaN,NaN,NaN,NaN
2026-09-10T20:02:29.166958,2025,PartialNull_1789081348811,NaN,NaN,NaN,NaN,NaN,NaN
2026-09-10T20:02:29.227541,2025,E2E_GOTY_Pick_1789081348872,NaN,Clair Obscur: Expedition 33,NaN,NaN,NaN,NaN
2026-09-10T20:02:29.532889,2025,PartialNan_1789081349188,NaN,NaN,NaN,NaN,NaN,NaN
2026-09-10T20:02:29.602080,2025,Partial_CSV_Pick_1789081349250,NaN,NaN,NaN,NaN,NaN,NaN
2026-09-10T20:02:29.927464,2025,NaN,NaN,NaN,NaN,NaN,NaN,NaN
2026-09-10T20:02:29.956078,2025,Full_1789081349623_Game_of_the_Year,Full_1789081349623_Best_Independent_Game,Full_1789081349623_Best_Narrative,Full_1789081349623_Best_Art_Direction,Full_1789081349623_Best_Soundtrack,Full_1789081349623_Best_Multiplayer,Full_1789081349623_Best_Game_Direction
2026-09-10T20:02:30.329041,2025,FlatSchema_1789081349946,NaN,NaN,NaN,NaN,NaN,NaN
2026-09-10T20:02:30.345269,2024,Toggle_1789081349979,NaN,NaN,NaN,NaN,NaN,NaN
2026-09-10T20:02:31.784596,2014,Game2014_1789081351,NaN,NaN,NaN,NaN,NaN,NaN
2026-09-10T20:02:31.813228,2020,Game2020_1789081351,NaN,NaN,NaN,NaN,NaN,NaN
2026-09-10T20:02:31.830972,2025,Game2025_1789081351,NaN,NaN,NaN,NaN,NaN,NaN
2026-09-10T20:02:32.182413,2025,"Ghost of Yōtei: Director's ""Special"" Edition 1789081351",NaN,NaN,NaN,NaN,NaN,NaN
2026-09-10T20:02:32.625628,2025,NaN,NaN,NaN,NaN,NaN,NaN,NaN
2026-09-10T20:02:33.036856,2025,Roundtrip_1789081352697,NaN,NaN,NaN,NaN,NaN,NaN
2026-09-10T20:02:33.042516,2025,"TestGame, With Comma 1789081352",NaN,NaN,NaN,NaN,NaN,NaN
2026-09-10T20:02:33.410126,2025,"Game ""Quoted"" 1789081353",NaN,NaN,NaN,NaN,NaN,NaN
2026-09-10T20:02:33.456241,2025,Clair Obscur: Expedition 33 S2_1789081353077,Blue Prince S2_1789081353077,Silent Hill f S2_1789081353077,Ghost of Yōtei S2_1789081353077,Hades II S2_1789081353077,Arc Raiders S2_1789081353077,Death Stranding 2 S2_1789081353077
2026-09-10T20:02:33.800229,2025,Ghost of Yōtei 1789081353,NaN,NaN,NaN,NaN,NaN,NaN
2026-09-10T20:02:33.831457,2024,Balatro S3_1789081353479,NaN,NaN,NaN,Final Fantasy VII Rebirth S3_1789081353479,NaN,NaN
2026-09-10T20:02:34.166572,2025,Rapid_0,NaN,NaN,NaN,NaN,NaN,NaN
2026-09-10T20:02:34.187147,2025,Rapid_1,NaN,NaN,NaN,NaN,NaN,NaN
2026-09-10T20:02:34.209463,2025,Rapid_2,NaN,NaN,NaN,NaN,NaN,NaN
2026-09-10T20:02:34.246833,2025,Rapid_3,NaN,NaN,NaN,NaN,NaN,NaN
2026-09-10T20:02:34.266522,2025,Rapid_4,NaN,NaN,NaN,NaN,NaN,NaN
2026-09-10T20:02:34.630402,2025,OneOfSeven_1789081354,NaN,NaN,NaN,NaN,NaN,NaN
2026-09-10T20:02:35.012355,2025,Game 1,Game 2,Game 3,Game 4,Game 5,Game 6,NaN
2026-09-10T20:02:35.378661,2025,Test Game,NaN,NaN,NaN,NaN,NaN,NaN
2026-09-10T20:02:35.733987,2025,NaN,NaN,NaN,NaN,NaN,NaN,NaN
2026-09-10T20:02:36.087027,2025,Game A,NaN,NaN,NaN,NaN,NaN,NaN
2026-09-10T20:02:36.124032,2025,Game B,NaN,NaN,NaN,NaN,NaN,NaN
2026-09-10T20:02:37.034500,2025,E2E_GOTY_Pick_1789081356680,NaN,Clair Obscur: Expedition 33,NaN,NaN,NaN,NaN
2026-09-10T20:02:37.422630,2025,Partial_CSV_Pick_1789081357058,NaN,NaN,NaN,NaN,NaN,NaN
2026-09-10T20:02:37.813701,2025,Full_1789081357441_Game_of_the_Year,Full_1789081357441_Best_Independent_Game,Full_1789081357441_Best_Narrative,Full_1789081357441_Best_Art_Direction,Full_1789081357441_Best_Soundtrack,Full_1789081357441_Best_Multiplayer,Full_1789081357441_Best_Game_Direction
2026-09-10T20:02:38.199086,2024,Toggle_1789081357837,NaN,NaN,NaN,NaN,NaN,NaN
2026-09-10T20:02:39.616184,2014,Game2014_1789081359,NaN,NaN,NaN,NaN,NaN,NaN
2026-09-10T20:02:39.636803,2020,Game2020_1789081359,NaN,NaN,NaN,NaN,NaN,NaN
2026-09-10T20:02:39.660903,2025,Game2025_1789081359,NaN,NaN,NaN,NaN,NaN,NaN
2026-09-10T20:02:40.053569,2025,"Ghost of Yōtei: Director's ""Special"" Edition 1789081359",NaN,NaN,NaN,NaN,NaN,NaN
2026-09-10T20:02:40.470800,2025,NaN,NaN,NaN,NaN,NaN,NaN,NaN
2026-09-10T20:02:40.886537,2025,Roundtrip_1789081360529,NaN,NaN,NaN,NaN,NaN,NaN
2026-09-10T20:02:41.254146,2025,Clair Obscur: Expedition 33 S2_1789081360923,Blue Prince S2_1789081360923,Silent Hill f S2_1789081360923,Ghost of Yōtei S2_1789081360923,Hades II S2_1789081360923,Arc Raiders S2_1789081360923,Death Stranding 2 S2_1789081360923
2026-09-10T20:02:41.642436,2024,Balatro S3_1789081361278,NaN,NaN,NaN,Final Fantasy VII Rebirth S3_1789081361278,NaN,NaN
2026-09-10T20:03:52.703100,2025,Clair Obscur: Expedition 33,Silksong,Clair Obscur: Expedition 33,Ghost of Yōtei,Clair Obscur: Expedition 33,Arc Raiders,Clair Obscur: Expedition 33
2026-09-10T20:03:53.102803,2025,TestGame_1789081432729,NaN,NaN,NaN,NaN,NaN,NaN
2026-09-10T20:03:53.491557,2025,CsvTestGame_1789081433125,NaN,NaN,NaN,NaN,NaN,NaN
2026-09-10T20:03:54.918497,2025,PartialNull_1789081434234,NaN,NaN,NaN,NaN,NaN,NaN
2026-09-10T20:03:55.310463,2025,PartialNan_1789081434949,NaN,NaN,NaN,NaN,NaN,NaN
2026-09-10T20:03:55.677523,2025,NaN,NaN,NaN,NaN,NaN,NaN,NaN
2026-09-10T20:03:56.068054,2025,FlatSchema_1789081435696,NaN,NaN,NaN,NaN,NaN,NaN
2026-09-10T20:03:58.871128,2025,"TestGame, With Comma 1789081438",NaN,NaN,NaN,NaN,NaN,NaN
2026-09-10T20:03:59.253680,2025,"Game ""Quoted"" 1789081438",NaN,NaN,NaN,NaN,NaN,NaN
2026-09-10T20:03:59.641188,2025,Ghost of Yōtei 1789081439,NaN,NaN,NaN,NaN,NaN,NaN
2026-09-10T20:04:00.042504,2025,Rapid_0,NaN,NaN,NaN,NaN,NaN,NaN
2026-09-10T20:04:00.095779,2025,Rapid_1,NaN,NaN,NaN,NaN,NaN,NaN
2026-09-10T20:04:00.157694,2025,Rapid_2,NaN,NaN,NaN,NaN,NaN,NaN
2026-09-10T20:04:00.176850,2025,Rapid_3,NaN,NaN,NaN,NaN,NaN,NaN
2026-09-10T20:04:00.219576,2025,Rapid_4,NaN,NaN,NaN,NaN,NaN,NaN
2026-09-10T20:04:00.609465,2025,OneOfSeven_1789081440,NaN,NaN,NaN,NaN,NaN,NaN
2026-09-10T20:04:00.961709,2025,Game 1,Game 2,Game 3,Game 4,Game 5,Game 6,NaN
2026-09-10T20:04:01.339162,2025,Test Game,NaN,NaN,NaN,NaN,NaN,NaN
2026-09-10T20:04:02.004536,2025,NaN,NaN,NaN,NaN,NaN,NaN,NaN
2026-09-10T20:04:02.379872,2025,Game A,NaN,NaN,NaN,NaN,NaN,NaN
2026-09-10T20:04:02.408421,2025,Game B,NaN,NaN,NaN,NaN,NaN,NaN
2026-09-10T20:04:03.355200,2025,E2E_GOTY_Pick_1789081443018,NaN,Clair Obscur: Expedition 33,NaN,NaN,NaN,NaN
2026-09-10T20:04:03.748955,2025,Partial_CSV_Pick_1789081443379,NaN,NaN,NaN,NaN,NaN,NaN
2026-09-10T20:04:04.100980,2025,Full_1789081443767_Game_of_the_Year,Full_1789081443767_Best_Independent_Game,Full_1789081443767_Best_Narrative,Full_1789081443767_Best_Art_Direction,Full_1789081443767_Best_Soundtrack,Full_1789081443767_Best_Multiplayer,Full_1789081443767_Best_Game_Direction
2026-09-10T20:04:04.459966,2024,Toggle_1789081444125,NaN,NaN,NaN,NaN,NaN,NaN
2026-09-10T20:04:05.941178,2014,Game2014_1789081445,NaN,NaN,NaN,NaN,NaN,NaN
2026-09-10T20:04:05.961839,2020,Game2020_1789081445,NaN,NaN,NaN,NaN,NaN,NaN
2026-09-10T20:04:05.998335,2025,Game2025_1789081445,NaN,NaN,NaN,NaN,NaN,NaN
2026-09-10T20:04:06.399942,2025,"Ghost of Yōtei: Director's ""Special"" Edition 1789081446",NaN,NaN,NaN,NaN,NaN,NaN
2026-09-10T20:04:06.837514,2025,NaN,NaN,NaN,NaN,NaN,NaN,NaN
2026-09-10T20:04:07.269922,2025,Roundtrip_1789081446910,NaN,NaN,NaN,NaN,NaN,NaN
2026-09-10T20:04:07.651958,2025,Clair Obscur: Expedition 33 S2_1789081447309,Blue Prince S2_1789081447309,Silent Hill f S2_1789081447309,Ghost of Yōtei S2_1789081447309,Hades II S2_1789081447309,Arc Raiders S2_1789081447309,Death Stranding 2 S2_1789081447309
2026-09-10T20:04:08.028871,2024,Balatro S3_1789081447677,NaN,NaN,NaN,Final Fantasy VII Rebirth S3_1789081447677,NaN,NaN
2026-09-10T20:06:19.319422,2025,Clair Obscur: Expedition 33,Silksong,Clair Obscur: Expedition 33,Ghost of Yōtei,Clair Obscur: Expedition 33,Arc Raiders,Clair Obscur: Expedition 33
2026-09-10T20:06:20.025302,2025,TestGame_1789081579343,NaN,NaN,NaN,NaN,NaN,NaN
2026-09-10T20:06:20.740754,2025,CsvTestGame_1789081580050,NaN,NaN,NaN,NaN,NaN,NaN
2026-09-10T20:06:22.137061,2025,PartialNull_1789081581796,NaN,NaN,NaN,NaN,NaN,NaN
2026-09-10T20:06:22.523289,2025,PartialNan_1789081582178,NaN,NaN,NaN,NaN,NaN,NaN
2026-09-10T20:06:22.886689,2025,NaN,NaN,NaN,NaN,NaN,NaN,NaN
2026-09-10T20:06:23.271351,2025,FlatSchema_1789081582903,NaN,NaN,NaN,NaN,NaN,NaN
2026-09-10T20:06:26.017431,2025,"TestGame, With Comma 1789081585",NaN,NaN,NaN,NaN,NaN,NaN
2026-09-10T20:06:26.431070,2025,"Game ""Quoted"" 1789081586",NaN,NaN,NaN,NaN,NaN,NaN
2026-09-10T20:06:26.837805,2025,Ghost of Yōtei 1789081586,NaN,NaN,NaN,NaN,NaN,NaN
2026-09-10T20:06:27.240949,2025,Rapid_0,NaN,NaN,NaN,NaN,NaN,NaN
2026-09-10T20:06:27.260906,2025,Rapid_1,NaN,NaN,NaN,NaN,NaN,NaN
2026-09-10T20:06:27.301770,2025,Rapid_2,NaN,NaN,NaN,NaN,NaN,NaN
2026-09-10T20:06:27.320291,2025,Rapid_3,NaN,NaN,NaN,NaN,NaN,NaN
2026-09-10T20:06:27.338164,2025,Rapid_4,NaN,NaN,NaN,NaN,NaN,NaN
2026-09-10T20:06:27.726785,2025,OneOfSeven_1789081587,NaN,NaN,NaN,NaN,NaN,NaN
2026-09-10T20:06:28.112320,2025,Game 1,Game 2,Game 3,Game 4,Game 5,Game 6,NaN
2026-09-10T20:06:28.502129,2025,Test Game,NaN,NaN,NaN,NaN,NaN,NaN
2026-09-10T20:06:28.888470,2025,NaN,NaN,NaN,NaN,NaN,NaN,NaN
2026-09-10T20:06:29.240423,2025,Game A,NaN,NaN,NaN,NaN,NaN,NaN
2026-09-10T20:06:29.260408,2025,Game B,NaN,NaN,NaN,NaN,NaN,NaN
2026-09-10T20:06:30.187482,2025,E2E_GOTY_Pick_1789081589828,NaN,Clair Obscur: Expedition 33,NaN,NaN,NaN,NaN
2026-09-10T20:06:30.555138,2025,Partial_CSV_Pick_1789081590211,NaN,NaN,NaN,NaN,NaN,NaN
2026-09-10T20:06:30.932099,2025,Full_1789081590575_Game_of_the_Year,Full_1789081590575_Best_Independent_Game,Full_1789081590575_Best_Narrative,Full_1789081590575_Best_Art_Direction,Full_1789081590575_Best_Soundtrack,Full_1789081590575_Best_Multiplayer,Full_1789081590575_Best_Game_Direction
2026-09-10T20:06:31.299620,2024,Toggle_1789081590954,NaN,NaN,NaN,NaN,NaN,NaN
2026-09-10T20:06:32.658340,2014,Game2014_1789081592,NaN,NaN,NaN,NaN,NaN,NaN
2026-09-10T20:06:32.678774,2020,Game2020_1789081592,NaN,NaN,NaN,NaN,NaN,NaN
2026-09-10T20:06:32.698416,2025,Game2025_1789081592,NaN,NaN,NaN,NaN,NaN,NaN
2026-09-10T20:06:33.069157,2025,"Ghost of Yōtei: Director's ""Special"" Edition 1789081592",NaN,NaN,NaN,NaN,NaN,NaN
2026-09-10T20:06:33.506219,2025,NaN,NaN,NaN,NaN,NaN,NaN,NaN
2026-09-10T20:07:07.393756,2025,Clair Obscur: Expedition 33 S2_1789081627008,Blue Prince S2_1789081627008,Silent Hill f S2_1789081627008,Ghost of Yōtei S2_1789081627008,Hades II S2_1789081627008,Arc Raiders S2_1789081627008,Death Stranding 2 S2_1789081627008
2026-09-10T20:07:07.801262,2024,Balatro S3_1789081627430,NaN,NaN,NaN,Final Fantasy VII Rebirth S3_1789081627430,NaN,NaN
2026-09-10T20:07:15.955278,2025,Clair Obscur: Expedition 33,Silksong,Clair Obscur: Expedition 33,Ghost of Yōtei,Clair Obscur: Expedition 33,Arc Raiders,Clair Obscur: Expedition 33
2026-09-10T20:07:16.392099,2025,TestGame_1789081635995,NaN,NaN,NaN,NaN,NaN,NaN
2026-09-10T20:07:16.780382,2025,CsvTestGame_1789081636414,NaN,NaN,NaN,NaN,NaN,NaN
2026-09-10T20:07:17.914105,2025,PartialNull_1789081637546,NaN,NaN,NaN,NaN,NaN,NaN
2026-09-10T20:07:18.305500,2025,PartialNan_1789081637940,NaN,NaN,NaN,NaN,NaN,NaN
2026-09-10T20:07:18.670024,2025,NaN,NaN,NaN,NaN,NaN,NaN,NaN
2026-09-10T20:07:19.038365,2025,FlatSchema_1789081638686,NaN,NaN,NaN,NaN,NaN,NaN
2026-09-10T20:07:21.763687,2025,"TestGame, With Comma 1789081641",NaN,NaN,NaN,NaN,NaN,NaN
2026-09-10T20:07:22.148075,2025,"Game ""Quoted"" 1789081641",NaN,NaN,NaN,NaN,NaN,NaN
2026-09-10T20:07:22.522700,2025,Ghost of Yōtei 1789081642,NaN,NaN,NaN,NaN,NaN,NaN
2026-09-10T20:07:22.896758,2025,Rapid_0,NaN,NaN,NaN,NaN,NaN,NaN
2026-09-10T20:07:22.925514,2025,Rapid_1,NaN,NaN,NaN,NaN,NaN,NaN
2026-09-10T20:07:22.956092,2025,Rapid_2,NaN,NaN,NaN,NaN,NaN,NaN
2026-09-10T20:07:22.975965,2025,Rapid_3,NaN,NaN,NaN,NaN,NaN,NaN
2026-09-10T20:07:22.995789,2025,Rapid_4,NaN,NaN,NaN,NaN,NaN,NaN
2026-09-10T20:07:23.390736,2025,OneOfSeven_1789081643,NaN,NaN,NaN,NaN,NaN,NaN
2026-09-10T20:07:23.766368,2025,Game 1,Game 2,Game 3,Game 4,Game 5,Game 6,NaN
2026-09-10T20:07:24.153349,2025,Test Game,NaN,NaN,NaN,NaN,NaN,NaN
2026-09-10T20:07:24.529236,2025,NaN,NaN,NaN,NaN,NaN,NaN,NaN
2026-09-10T20:07:24.944746,2025,Game A,NaN,NaN,NaN,NaN,NaN,NaN
2026-09-10T20:07:24.963872,2025,Game B,NaN,NaN,NaN,NaN,NaN,NaN
2026-09-10T20:07:25.909231,2025,E2E_GOTY_Pick_1789081645535,NaN,Clair Obscur: Expedition 33,NaN,NaN,NaN,NaN
2026-09-10T20:07:26.306746,2025,Partial_CSV_Pick_1789081645940,NaN,NaN,NaN,NaN,NaN,NaN
2026-09-10T20:07:26.673110,2025,Full_1789081646328_Game_of_the_Year,Full_1789081646328_Best_Independent_Game,Full_1789081646328_Best_Narrative,Full_1789081646328_Best_Art_Direction,Full_1789081646328_Best_Soundtrack,Full_1789081646328_Best_Multiplayer,Full_1789081646328_Best_Game_Direction
2026-09-10T20:07:27.053810,2024,Toggle_1789081646695,NaN,NaN,NaN,NaN,NaN,NaN
2026-09-10T20:07:28.399542,2014,Game2014_1789081648,NaN,NaN,NaN,NaN,NaN,NaN
2026-09-10T20:07:28.421323,2020,Game2020_1789081648,NaN,NaN,NaN,NaN,NaN,NaN
2026-09-10T20:07:28.447660,2025,Game2025_1789081648,NaN,NaN,NaN,NaN,NaN,NaN
2026-09-10T20:07:28.821821,2025,"Ghost of Yōtei: Director's ""Special"" Edition 1789081648",NaN,NaN,NaN,NaN,NaN,NaN
2026-09-10T20:07:29.254036,2025,NaN,NaN,NaN,NaN,NaN,NaN,NaN
2026-09-10T20:07:29.679325,2025,Roundtrip_1789081649321,NaN,NaN,NaN,NaN,NaN,NaN
2026-09-10T20:07:30.060921,2025,Clair Obscur: Expedition 33 S2_1789081649718,Blue Prince S2_1789081649718,Silent Hill f S2_1789081649718,Ghost of Yōtei S2_1789081649718,Hades II S2_1789081649718,Arc Raiders S2_1789081649718,Death Stranding 2 S2_1789081649718
2026-09-10T20:07:30.431102,2024,Balatro S3_1789081650084,NaN,NaN,NaN,Final Fantasy VII Rebirth S3_1789081650084,NaN,NaN
2026-09-10T20:09:45.680135,2025,Clair Obscur: Expedition 33,Silksong,Clair Obscur: Expedition 33,Ghost of Yōtei,Clair Obscur: Expedition 33,Arc Raiders,Clair Obscur: Expedition 33
2026-09-10T20:09:46.064253,2025,TestGame_1789081785703,NaN,NaN,NaN,NaN,NaN,NaN
2026-09-10T20:09:46.437814,2025,CsvTestGame_1789081786085,NaN,NaN,NaN,NaN,NaN,NaN
2026-09-10T20:09:47.526507,2025,PartialNull_1789081787169,NaN,NaN,NaN,NaN,NaN,NaN
2026-09-10T20:09:47.894023,2025,PartialNan_1789081787549,NaN,NaN,NaN,NaN,NaN,NaN
2026-09-10T20:09:48.274717,2025,NaN,NaN,NaN,NaN,NaN,NaN,NaN
2026-09-10T20:09:48.625613,2025,FlatSchema_1789081788294,NaN,NaN,NaN,NaN,NaN,NaN
2026-09-10T20:09:51.418207,2025,"TestGame, With Comma 1789081791",NaN,NaN,NaN,NaN,NaN,NaN
2026-09-10T20:09:51.814996,2025,"Game ""Quoted"" 1789081791",NaN,NaN,NaN,NaN,NaN,NaN
2026-09-10T20:09:52.190357,2025,Ghost of Yōtei 1789081791,NaN,NaN,NaN,NaN,NaN,NaN
2026-09-10T20:09:52.585206,2025,Rapid_0,NaN,NaN,NaN,NaN,NaN,NaN
2026-09-10T20:09:52.602989,2025,Rapid_1,NaN,NaN,NaN,NaN,NaN,NaN
2026-09-10T20:09:52.621868,2025,Rapid_2,NaN,NaN,NaN,NaN,NaN,NaN
2026-09-10T20:09:52.661476,2025,Rapid_3,NaN,NaN,NaN,NaN,NaN,NaN
2026-09-10T20:09:52.679428,2025,Rapid_4,NaN,NaN,NaN,NaN,NaN,NaN
2026-09-10T20:09:53.048723,2025,OneOfSeven_1789081792,NaN,NaN,NaN,NaN,NaN,NaN
2026-09-10T20:09:53.426276,2025,Game 1,Game 2,Game 3,Game 4,Game 5,Game 6,NaN
2026-09-10T20:09:53.794055,2025,Test Game,NaN,NaN,NaN,NaN,NaN,NaN
2026-09-10T20:09:54.174165,2025,NaN,NaN,NaN,NaN,NaN,NaN,NaN
2026-09-10T20:09:54.564652,2025,Game A,NaN,NaN,NaN,NaN,NaN,NaN
2026-09-10T20:09:54.593644,2025,Game B,NaN,NaN,NaN,NaN,NaN,NaN
2026-09-10T20:09:55.572615,2025,E2E_GOTY_Pick_1789081795215,NaN,Clair Obscur: Expedition 33,NaN,NaN,NaN,NaN
2026-09-10T20:09:55.963030,2025,Partial_CSV_Pick_1789081795609,NaN,NaN,NaN,NaN,NaN,NaN
2026-09-10T20:09:56.353921,2025,Full_1789081795982_Game_of_the_Year,Full_1789081795982_Best_Independent_Game,Full_1789081795982_Best_Narrative,Full_1789081795982_Best_Art_Direction,Full_1789081795982_Best_Soundtrack,Full_1789081795982_Best_Multiplayer,Full_1789081795982_Best_Game_Direction
2026-09-10T20:09:56.737823,2024,Toggle_1789081796383,NaN,NaN,NaN,NaN,NaN,NaN
2026-09-10T20:09:58.079800,2014,Game2014_1789081797,NaN,NaN,NaN,NaN,NaN,NaN
2026-09-10T20:09:58.118323,2020,Game2020_1789081797,NaN,NaN,NaN,NaN,NaN,NaN
2026-09-10T20:09:58.170945,2025,Game2025_1789081797,NaN,NaN,NaN,NaN,NaN,NaN
2026-09-10T20:09:58.546319,2025,"Ghost of Yōtei: Director's ""Special"" Edition 1789081798",NaN,NaN,NaN,NaN,NaN,NaN
2026-09-10T20:09:58.969247,2025,NaN,NaN,NaN,NaN,NaN,NaN,NaN
2026-09-10T20:09:59.391260,2025,Roundtrip_1789081799031,NaN,NaN,NaN,NaN,NaN,NaN
2026-09-10T20:09:59.785856,2025,Clair Obscur: Expedition 33 S2_1789081799442,Blue Prince S2_1789081799442,Silent Hill f S2_1789081799442,Ghost of Yōtei S2_1789081799442,Hades II S2_1789081799442,Arc Raiders S2_1789081799442,Death Stranding 2 S2_1789081799442
2026-09-10T20:10:00.145647,2024,Balatro S3_1789081799812,NaN,NaN,NaN,Final Fantasy VII Rebirth S3_1789081799812,NaN,NaN
2026-09-10T20:15:04.533351,2025,Clair Obscur: Expedition 33,Silksong,Clair Obscur: Expedition 33,Ghost of Yōtei,Clair Obscur: Expedition 33,Arc Raiders,Clair Obscur: Expedition 33
2026-09-10T20:15:04.906467,2025,TestGame_1789082104561,NaN,NaN,NaN,NaN,NaN,NaN
2026-09-10T20:15:05.285661,2025,CsvTestGame_1789082104928,NaN,NaN,NaN,NaN,NaN,NaN
2026-09-10T20:15:06.366740,2025,PartialNull_1789082106035,NaN,NaN,NaN,NaN,NaN,NaN
2026-09-10T20:15:06.742002,2025,PartialNan_1789082106394,NaN,NaN,NaN,NaN,NaN,NaN
2026-09-10T20:15:07.101421,2025,NaN,NaN,NaN,NaN,NaN,NaN,NaN
2026-09-10T20:15:07.462168,2025,FlatSchema_1789082107120,NaN,NaN,NaN,NaN,NaN,NaN
2026-09-10T20:15:10.211130,2025,"TestGame, With Comma 1789082109",NaN,NaN,NaN,NaN,NaN,NaN
2026-09-10T20:15:10.599160,2025,"Game ""Quoted"" 1789082110",NaN,NaN,NaN,NaN,NaN,NaN
2026-09-10T20:15:10.967651,2025,Ghost of Yōtei 1789082110,NaN,NaN,NaN,NaN,NaN,NaN
2026-09-10T20:15:11.327400,2025,Rapid_0,NaN,NaN,NaN,NaN,NaN,NaN
2026-09-10T20:15:11.349743,2025,Rapid_1,NaN,NaN,NaN,NaN,NaN,NaN
2026-09-10T20:15:11.368615,2025,Rapid_2,NaN,NaN,NaN,NaN,NaN,NaN
2026-09-10T20:15:11.388219,2025,Rapid_3,NaN,NaN,NaN,NaN,NaN,NaN
2026-09-10T20:15:11.407729,2025,Rapid_4,NaN,NaN,NaN,NaN,NaN,NaN
2026-09-10T20:15:11.814352,2025,OneOfSeven_1789082111,NaN,NaN,NaN,NaN,NaN,NaN
2026-09-10T20:15:12.180817,2025,Game 1,Game 2,Game 3,Game 4,Game 5,Game 6,NaN
2026-09-10T20:15:12.561266,2025,Test Game,NaN,NaN,NaN,NaN,NaN,NaN
2026-09-10T20:15:12.928397,2025,NaN,NaN,NaN,NaN,NaN,NaN,NaN
2026-09-10T20:15:13.285032,2025,Game A,NaN,NaN,NaN,NaN,NaN,NaN
2026-09-10T20:15:13.306049,2025,Game B,NaN,NaN,NaN,NaN,NaN,NaN
2026-09-10T20:15:14.232374,2025,E2E_GOTY_Pick_1789082113870,NaN,Clair Obscur: Expedition 33,NaN,NaN,NaN,NaN
2026-09-10T20:15:14.622342,2025,Partial_CSV_Pick_1789082114262,NaN,NaN,NaN,NaN,NaN,NaN
2026-09-10T20:15:15.305698,2025,Full_1789082114646_Game_of_the_Year,Full_1789082114646_Best_Independent_Game,Full_1789082114646_Best_Narrative,Full_1789082114646_Best_Art_Direction,Full_1789082114646_Best_Soundtrack,Full_1789082114646_Best_Multiplayer,Full_1789082114646_Best_Game_Direction
2026-09-10T20:15:16.002900,2024,Toggle_1789082115334,NaN,NaN,NaN,NaN,NaN,NaN
2026-09-10T20:15:17.449854,2014,Game2014_1789082117,NaN,NaN,NaN,NaN,NaN,NaN
2026-09-10T20:15:17.476840,2020,Game2020_1789082117,NaN,NaN,NaN,NaN,NaN,NaN
2026-09-10T20:15:17.497992,2025,Game2025_1789082117,NaN,NaN,NaN,NaN,NaN,NaN
2026-09-10T20:15:17.879394,2025,"Ghost of Yōtei: Director's ""Special"" Edition 1789082117",NaN,NaN,NaN,NaN,NaN,NaN
2026-09-10T20:15:18.297769,2025,NaN,NaN,NaN,NaN,NaN,NaN,NaN
2026-09-10T20:15:18.709835,2025,Roundtrip_1789082118370,NaN,NaN,NaN,NaN,NaN,NaN
2026-09-10T20:15:19.119462,2025,Clair Obscur: Expedition 33 S2_1789082118752,Blue Prince S2_1789082118752,Silent Hill f S2_1789082118752,Ghost of Yōtei S2_1789082118752,Hades II S2_1789082118752,Arc Raiders S2_1789082118752,Death Stranding 2 S2_1789082118752
2026-09-10T20:15:19.506188,2024,Balatro S3_1789082119150,NaN,NaN,NaN,Final Fantasy VII Rebirth S3_1789082119150,NaN,NaN
2026-09-10T20:15:57.283641,2025,VictoryAuditGame,NaN,NaN,NaN,NaN,NaN,NaN
2026-09-10T20:36:38.022372,2025,Clair Obscur: Expedition 33,Silksong,Clair Obscur: Expedition 33,Ghost of Yōtei,Clair Obscur: Expedition 33,Arc Raiders,Clair Obscur: Expedition 33
2026-09-10T20:36:38.379186,2025,TestGame_1789083398042,NaN,NaN,NaN,NaN,NaN,NaN
2026-09-10T20:36:38.772699,2025,CsvTestGame_1789083398399,NaN,NaN,NaN,NaN,NaN,NaN
2026-09-10T20:36:39.905219,2025,PartialNull_1789083399550,NaN,NaN,NaN,NaN,NaN,NaN
2026-09-10T20:36:40.310160,2025,PartialNan_1789083399930,NaN,NaN,NaN,NaN,NaN,NaN
2026-09-10T20:36:40.674182,2025,NaN,NaN,NaN,NaN,NaN,NaN,NaN
2026-09-10T20:36:41.032360,2025,FlatSchema_1789083400695,NaN,NaN,NaN,NaN,NaN,NaN
2026-09-10T20:36:43.660458,2025,"TestGame, With Comma 1789083403",NaN,NaN,NaN,NaN,NaN,NaN
2026-09-10T20:36:44.060027,2025,"Game ""Quoted"" 1789083403",NaN,NaN,NaN,NaN,NaN,NaN
2026-09-10T20:36:44.439528,2025,Ghost of Yōtei 1789083404,NaN,NaN,NaN,NaN,NaN,NaN
2026-09-10T20:36:44.826321,2025,Rapid_0,NaN,NaN,NaN,NaN,NaN,NaN
2026-09-10T20:36:44.850140,2025,Rapid_1,NaN,NaN,NaN,NaN,NaN,NaN
2026-09-10T20:36:44.872443,2025,Rapid_2,NaN,NaN,NaN,NaN,NaN,NaN
2026-09-10T20:36:44.899967,2025,Rapid_3,NaN,NaN,NaN,NaN,NaN,NaN
2026-09-10T20:36:44.920439,2025,Rapid_4,NaN,NaN,NaN,NaN,NaN,NaN
2026-09-10T20:36:45.322115,2025,OneOfSeven_1789083404,NaN,NaN,NaN,NaN,NaN,NaN
2026-09-10T20:36:45.687328,2025,Game 1,Game 2,Game 3,Game 4,Game 5,Game 6,NaN
2026-09-10T20:36:46.058385,2025,Test Game,NaN,NaN,NaN,NaN,NaN,NaN
2026-09-10T20:36:46.415803,2025,NaN,NaN,NaN,NaN,NaN,NaN,NaN
2026-09-10T20:36:46.808254,2025,Game A,NaN,NaN,NaN,NaN,NaN,NaN
2026-09-10T20:36:46.833685,2025,Game B,NaN,NaN,NaN,NaN,NaN,NaN
2026-09-10T20:36:47.715712,2025,E2E_GOTY_Pick_1789083407374,NaN,Clair Obscur: Expedition 33,NaN,NaN,NaN,NaN
2026-09-10T20:36:48.125241,2025,Partial_CSV_Pick_1789083407751,NaN,NaN,NaN,NaN,NaN,NaN
2026-09-10T20:36:48.823389,2025,Full_1789083408146_Game_of_the_Year,Full_1789083408146_Best_Independent_Game,Full_1789083408146_Best_Narrative,Full_1789083408146_Best_Art_Direction,Full_1789083408146_Best_Soundtrack,Full_1789083408146_Best_Multiplayer,Full_1789083408146_Best_Game_Direction
2026-09-10T20:36:49.518794,2024,Toggle_1789083408850,NaN,NaN,NaN,NaN,NaN,NaN
2026-09-10T20:36:50.876525,2014,Game2014_1789083410,NaN,NaN,NaN,NaN,NaN,NaN
2026-09-10T20:36:50.902305,2020,Game2020_1789083410,NaN,NaN,NaN,NaN,NaN,NaN
2026-09-10T20:36:50.923566,2025,Game2025_1789083410,NaN,NaN,NaN,NaN,NaN,NaN
2026-09-10T20:36:51.331371,2025,"Ghost of Yōtei: Director's ""Special"" Edition 1789083410",NaN,NaN,NaN,NaN,NaN,NaN
2026-09-10T20:36:51.730908,2025,NaN,NaN,NaN,NaN,NaN,NaN,NaN
2026-09-10T20:36:52.154463,2025,Roundtrip_1789083411789,NaN,NaN,NaN,NaN,NaN,NaN
2026-09-10T20:36:52.558461,2025,Clair Obscur: Expedition 33 S2_1789083412194,Blue Prince S2_1789083412194,Silent Hill f S2_1789083412194,Ghost of Yōtei S2_1789083412194,Hades II S2_1789083412194,Arc Raiders S2_1789083412194,Death Stranding 2 S2_1789083412194
2026-09-10T20:36:52.945236,2024,Balatro S3_1789083412588,NaN,NaN,NaN,Final Fantasy VII Rebirth S3_1789083412588,NaN,NaN
2026-09-10T20:48:41.168569,2025,Clair Obscur: Expedition 33,Silksong,Clair Obscur: Expedition 33,Ghost of Yōtei,Clair Obscur: Expedition 33,Arc Raiders,Clair Obscur: Expedition 33
2026-09-10T20:48:41.535391,2025,TestGame_1789084121186,NaN,NaN,NaN,NaN,NaN,NaN
2026-09-10T20:48:41.927422,2025,CsvTestGame_1789084121559,NaN,NaN,NaN,NaN,NaN,NaN
2026-09-10T20:48:43.055919,2025,PartialNull_1789084122690,NaN,NaN,NaN,NaN,NaN,NaN
2026-09-10T20:48:43.443777,2025,PartialNan_1789084123082,NaN,NaN,NaN,NaN,NaN,NaN
2026-09-10T20:48:43.830560,2025,NaN,NaN,NaN,NaN,NaN,NaN,NaN
2026-09-10T20:48:44.197883,2025,FlatSchema_1789084123852,NaN,NaN,NaN,NaN,NaN,NaN
2026-09-10T20:48:46.895200,2025,"TestGame, With Comma 1789084126",NaN,NaN,NaN,NaN,NaN,NaN
2026-09-10T20:48:47.268902,2025,"Game ""Quoted"" 1789084126",NaN,NaN,NaN,NaN,NaN,NaN
2026-09-10T20:48:47.637068,2025,Ghost of Yōtei 1789084127,NaN,NaN,NaN,NaN,NaN,NaN
2026-09-10T20:48:48.009819,2025,Rapid_0,NaN,NaN,NaN,NaN,NaN,NaN
2026-09-10T20:48:48.033554,2025,Rapid_1,NaN,NaN,NaN,NaN,NaN,NaN
2026-09-10T20:48:48.089182,2025,Rapid_2,NaN,NaN,NaN,NaN,NaN,NaN
2026-09-10T20:48:48.115076,2025,Rapid_3,NaN,NaN,NaN,NaN,NaN,NaN
2026-09-10T20:48:48.139510,2025,Rapid_4,NaN,NaN,NaN,NaN,NaN,NaN
2026-09-10T20:48:48.519560,2025,OneOfSeven_1789084128,NaN,NaN,NaN,NaN,NaN,NaN
2026-09-10T20:48:48.892406,2025,Game 1,Game 2,Game 3,Game 4,Game 5,Game 6,NaN
2026-09-10T20:48:49.263625,2025,Test Game,NaN,NaN,NaN,NaN,NaN,NaN
2026-09-10T20:48:49.641109,2025,NaN,NaN,NaN,NaN,NaN,NaN,NaN
2026-09-10T20:48:50.007936,2025,Game A,NaN,NaN,NaN,NaN,NaN,NaN
2026-09-10T20:48:50.038081,2025,Game B,NaN,NaN,NaN,NaN,NaN,NaN
2026-09-10T20:48:50.928239,2025,E2E_GOTY_Pick_1789084130565,NaN,Clair Obscur: Expedition 33,NaN,NaN,NaN,NaN
2026-09-10T20:48:51.328031,2025,Partial_CSV_Pick_1789084130957,NaN,NaN,NaN,NaN,NaN,NaN
2026-09-10T20:48:51.713204,2025,Full_1789084131351_Game_of_the_Year,Full_1789084131351_Best_Independent_Game,Full_1789084131351_Best_Narrative,Full_1789084131351_Best_Art_Direction,Full_1789084131351_Best_Soundtrack,Full_1789084131351_Best_Multiplayer,Full_1789084131351_Best_Game_Direction
2026-09-10T20:48:52.098458,2024,Toggle_1789084131742,NaN,NaN,NaN,NaN,NaN,NaN
2026-09-10T20:48:53.470697,2014,Game2014_1789084133,NaN,NaN,NaN,NaN,NaN,NaN
2026-09-10T20:48:53.511953,2020,Game2020_1789084133,NaN,NaN,NaN,NaN,NaN,NaN
2026-09-10T20:48:53.547216,2025,Game2025_1789084133,NaN,NaN,NaN,NaN,NaN,NaN
2026-09-10T20:48:53.940600,2025,"Ghost of Yōtei: Director's ""Special"" Edition 1789084133",NaN,NaN,NaN,NaN,NaN,NaN
2026-09-10T20:48:54.372950,2025,NaN,NaN,NaN,NaN,NaN,NaN,NaN
2026-09-10T20:48:54.794791,2025,Roundtrip_1789084134433,NaN,NaN,NaN,NaN,NaN,NaN
2026-09-10T20:48:55.226594,2025,Clair Obscur: Expedition 33 S2_1789084134853,Blue Prince S2_1789084134853,Silent Hill f S2_1789084134853,Ghost of Yōtei S2_1789084134853,Hades II S2_1789084134853,Arc Raiders S2_1789084134853,Death Stranding 2 S2_1789084134853
2026-09-10T20:48:55.592287,2024,Balatro S3_1789084135256,NaN,NaN,NaN,Final Fantasy VII Rebirth S3_1789084135256,NaN,NaN
2026-09-10T20:50:09.799410,2025,Clair Obscur: Expedition 33,Silksong,Clair Obscur: Expedition 33,Ghost of Yōtei,Clair Obscur: Expedition 33,Arc Raiders,Clair Obscur: Expedition 33
2026-09-10T20:50:10.474731,2025,TestGame_1789084209820,NaN,NaN,NaN,NaN,NaN,NaN
2026-09-10T20:50:10.879426,2025,CsvTestGame_1789084210500,NaN,NaN,NaN,NaN,NaN,NaN
2026-09-10T20:50:12.323766,2025,PartialNull_1789084211973,NaN,NaN,NaN,NaN,NaN,NaN
2026-09-10T20:50:12.730436,2025,PartialNan_1789084212364,NaN,NaN,NaN,NaN,NaN,NaN
2026-09-10T20:50:13.117269,2025,NaN,NaN,NaN,NaN,NaN,NaN,NaN
2026-09-10T20:50:13.485974,2025,FlatSchema_1789084213142,NaN,NaN,NaN,NaN,NaN,NaN
2026-09-10T20:50:16.117271,2025,"TestGame, With Comma 1789084215",NaN,NaN,NaN,NaN,NaN,NaN
2026-09-10T20:50:16.796665,2025,"Game ""Quoted"" 1789084216",NaN,NaN,NaN,NaN,NaN,NaN
2026-09-10T20:50:17.501383,2025,Ghost of Yōtei 1789084216,NaN,NaN,NaN,NaN,NaN,NaN
2026-09-10T20:50:18.187233,2025,Rapid_0,NaN,NaN,NaN,NaN,NaN,NaN
2026-09-10T20:50:18.209647,2025,Rapid_1,NaN,NaN,NaN,NaN,NaN,NaN
2026-09-10T20:50:18.232465,2025,Rapid_2,NaN,NaN,NaN,NaN,NaN,NaN
2026-09-10T20:50:18.256648,2025,Rapid_3,NaN,NaN,NaN,NaN,NaN,NaN
2026-09-10T20:50:18.278492,2025,Rapid_4,NaN,NaN,NaN,NaN,NaN,NaN
2026-09-10T20:50:18.699556,2025,OneOfSeven_1789084218,NaN,NaN,NaN,NaN,NaN,NaN
2026-09-10T20:50:19.067432,2025,Game 1,Game 2,Game 3,Game 4,Game 5,Game 6,NaN
2026-09-10T20:50:19.426368,2025,Test Game,NaN,NaN,NaN,NaN,NaN,NaN
2026-09-10T20:50:19.818666,2025,NaN,NaN,NaN,NaN,NaN,NaN,NaN
2026-09-10T20:50:20.187278,2025,Game A,NaN,NaN,NaN,NaN,NaN,NaN
2026-09-10T20:50:20.209668,2025,Game B,NaN,NaN,NaN,NaN,NaN,NaN
2026-09-10T20:50:21.212517,2025,E2E_GOTY_Pick_1789084220851,NaN,Clair Obscur: Expedition 33,NaN,NaN,NaN,NaN
2026-09-10T20:50:21.580790,2025,Partial_CSV_Pick_1789084221241,NaN,NaN,NaN,NaN,NaN,NaN
2026-09-10T20:50:21.939124,2025,Full_1789084221603_Game_of_the_Year,Full_1789084221603_Best_Independent_Game,Full_1789084221603_Best_Narrative,Full_1789084221603_Best_Art_Direction,Full_1789084221603_Best_Soundtrack,Full_1789084221603_Best_Multiplayer,Full_1789084221603_Best_Game_Direction
2026-09-10T20:50:22.335434,2024,Toggle_1789084221970,NaN,NaN,NaN,NaN,NaN,NaN
2026-09-10T20:50:23.695771,2014,Game2014_1789084223,NaN,NaN,NaN,NaN,NaN,NaN
2026-09-10T20:50:23.717348,2020,Game2020_1789084223,NaN,NaN,NaN,NaN,NaN,NaN
2026-09-10T20:50:23.743257,2025,Game2025_1789084223,NaN,NaN,NaN,NaN,NaN,NaN
2026-09-10T20:50:24.106290,2025,"Ghost of Yōtei: Director's ""Special"" Edition 1789084223",NaN,NaN,NaN,NaN,NaN,NaN
2026-09-10T20:50:24.566561,2025,NaN,NaN,NaN,NaN,NaN,NaN,NaN
2026-09-10T20:50:25.318092,2025,Roundtrip_1789084224629,NaN,NaN,NaN,NaN,NaN,NaN
2026-09-10T20:50:25.716221,2025,Clair Obscur: Expedition 33 S2_1789084225363,Blue Prince S2_1789084225363,Silent Hill f S2_1789084225363,Ghost of Yōtei S2_1789084225363,Hades II S2_1789084225363,Arc Raiders S2_1789084225363,Death Stranding 2 S2_1789084225363
2026-09-10T20:50:26.401754,2024,Balatro S3_1789084225749,NaN,NaN,NaN,Final Fantasy VII Rebirth S3_1789084225749,NaN,NaN
2026-09-10T20:52:13.859349,2025,Clair Obscur: Expedition 33,Silksong,Clair Obscur: Expedition 33,Ghost of Yōtei,Clair Obscur: Expedition 33,Arc Raiders,Clair Obscur: Expedition 33
2026-09-10T20:52:14.567525,2025,TestGame_1789084333881,NaN,NaN,NaN,NaN,NaN,NaN
2026-09-10T20:52:14.975710,2025,CsvTestGame_1789084334606,NaN,NaN,NaN,NaN,NaN,NaN
2026-09-10T20:52:16.090135,2025,PartialNull_1789084335724,NaN,NaN,NaN,NaN,NaN,NaN
2026-09-10T20:52:16.527779,2025,PartialNan_1789084336143,NaN,NaN,NaN,NaN,NaN,NaN
2026-09-10T20:52:16.918302,2025,NaN,NaN,NaN,NaN,NaN,NaN,NaN
2026-09-10T20:52:17.330883,2025,FlatSchema_1789084336955,NaN,NaN,NaN,NaN,NaN,NaN
2026-09-10T20:52:20.055024,2025,"TestGame, With Comma 1789084339",NaN,NaN,NaN,NaN,NaN,NaN
2026-09-10T20:52:20.448430,2025,"Game ""Quoted"" 1789084340",NaN,NaN,NaN,NaN,NaN,NaN
2026-09-10T20:52:20.837068,2025,Ghost of Yōtei 1789084340,NaN,NaN,NaN,NaN,NaN,NaN
2026-09-10T20:52:21.225800,2025,Rapid_0,NaN,NaN,NaN,NaN,NaN,NaN
2026-09-10T20:52:21.250139,2025,Rapid_1,NaN,NaN,NaN,NaN,NaN,NaN
2026-09-10T20:52:21.284873,2025,Rapid_2,NaN,NaN,NaN,NaN,NaN,NaN
2026-09-10T20:52:21.308931,2025,Rapid_3,NaN,NaN,NaN,NaN,NaN,NaN
2026-09-10T20:52:21.347394,2025,Rapid_4,NaN,NaN,NaN,NaN,NaN,NaN
2026-09-10T20:52:21.754071,2025,OneOfSeven_1789084341,NaN,NaN,NaN,NaN,NaN,NaN
2026-09-10T20:52:22.156982,2025,Game 1,Game 2,Game 3,Game 4,Game 5,Game 6,NaN
2026-09-10T20:52:22.532106,2025,Test Game,NaN,NaN,NaN,NaN,NaN,NaN
2026-09-10T20:52:22.920079,2025,NaN,NaN,NaN,NaN,NaN,NaN,NaN
2026-09-10T20:52:23.287692,2025,Game A,NaN,NaN,NaN,NaN,NaN,NaN
2026-09-10T20:52:23.323295,2025,Game B,NaN,NaN,NaN,NaN,NaN,NaN
2026-09-10T20:52:24.245305,2025,E2E_GOTY_Pick_1789084343882,NaN,Clair Obscur: Expedition 33,NaN,NaN,NaN,NaN
2026-09-10T20:52:24.610502,2025,Partial_CSV_Pick_1789084344273,NaN,NaN,NaN,NaN,NaN,NaN
2026-09-10T20:52:24.999073,2025,Full_1789084344633_Game_of_the_Year,Full_1789084344633_Best_Independent_Game,Full_1789084344633_Best_Narrative,Full_1789084344633_Best_Art_Direction,Full_1789084344633_Best_Soundtrack,Full_1789084344633_Best_Multiplayer,Full_1789084344633_Best_Game_Direction
2026-09-10T20:52:25.409302,2024,Toggle_1789084345039,NaN,NaN,NaN,NaN,NaN,NaN
2026-09-10T20:52:26.802337,2014,Game2014_1789084346,NaN,NaN,NaN,NaN,NaN,NaN
2026-09-10T20:52:26.839016,2020,Game2020_1789084346,NaN,NaN,NaN,NaN,NaN,NaN
2026-09-10T20:52:26.861853,2025,Game2025_1789084346,NaN,NaN,NaN,NaN,NaN,NaN
2026-09-10T20:52:27.236996,2025,"Ghost of Yōtei: Director's ""Special"" Edition 1789084346",NaN,NaN,NaN,NaN,NaN,NaN
2026-09-10T20:52:27.677264,2025,NaN,NaN,NaN,NaN,NaN,NaN,NaN
2026-09-10T20:52:28.126560,2025,Roundtrip_1789084347739,NaN,NaN,NaN,NaN,NaN,NaN
2026-09-10T20:52:28.547257,2025,Clair Obscur: Expedition 33 S2_1789084348175,Blue Prince S2_1789084348175,Silent Hill f S2_1789084348175,Ghost of Yōtei S2_1789084348175,Hades II S2_1789084348175,Arc Raiders S2_1789084348175,Death Stranding 2 S2_1789084348175
2026-09-10T20:52:28.965405,2024,Balatro S3_1789084348577,NaN,NaN,NaN,Final Fantasy VII Rebirth S3_1789084348577,NaN,NaN
2026-09-10T20:57:56.634279,2025,Clair Obscur: Expedition 33 S2_1789084676218,Blue Prince S2_1789084676218,Silent Hill f S2_1789084676218,Ghost of Yōtei S2_1789084676218,Hades II S2_1789084676218,Arc Raiders S2_1789084676218,Death Stranding 2 S2_1789084676218
2026-09-10T20:57:57.007695,2024,Balatro S3_1789084676667,NaN,NaN,NaN,Final Fantasy VII Rebirth S3_1789084676667,NaN,NaN
2026-09-10T20:58:06.856932,2025,Clair Obscur: Expedition 33,Silksong,Clair Obscur: Expedition 33,Ghost of Yōtei,Clair Obscur: Expedition 33,Arc Raiders,Clair Obscur: Expedition 33
2026-09-10T20:58:07.211589,2025,TestGame_1789084686876,NaN,NaN,NaN,NaN,NaN,NaN
2026-09-10T20:58:07.584888,2025,CsvTestGame_1789084687233,NaN,NaN,NaN,NaN,NaN,NaN
2026-09-10T20:58:08.744821,2025,PartialNull_1789084688387,NaN,NaN,NaN,NaN,NaN,NaN
2026-09-10T20:58:09.149990,2025,PartialNan_1789084688781,NaN,NaN,NaN,NaN,NaN,NaN
2026-09-10T20:58:09.537822,2025,NaN,NaN,NaN,NaN,NaN,NaN,NaN
2026-09-10T20:58:09.906189,2025,FlatSchema_1789084689558,NaN,NaN,NaN,NaN,NaN,NaN
2026-09-10T20:58:12.595740,2025,"TestGame, With Comma 1789084692",NaN,NaN,NaN,NaN,NaN,NaN
2026-09-10T20:58:12.987296,2025,"Game ""Quoted"" 1789084692",NaN,NaN,NaN,NaN,NaN,NaN
2026-09-10T20:58:13.662463,2025,Ghost of Yōtei 1789084693,NaN,NaN,NaN,NaN,NaN,NaN
2026-09-10T20:58:14.070247,2025,Rapid_0,NaN,NaN,NaN,NaN,NaN,NaN
2026-09-10T20:58:14.116498,2025,Rapid_1,NaN,NaN,NaN,NaN,NaN,NaN
2026-09-10T20:58:14.140539,2025,Rapid_2,NaN,NaN,NaN,NaN,NaN,NaN
2026-09-10T20:58:14.168642,2025,Rapid_3,NaN,NaN,NaN,NaN,NaN,NaN
2026-09-10T20:58:14.209659,2025,Rapid_4,NaN,NaN,NaN,NaN,NaN,NaN
2026-09-10T20:58:14.596518,2025,OneOfSeven_1789084694,NaN,NaN,NaN,NaN,NaN,NaN
2026-09-10T20:58:15.003554,2025,Game 1,Game 2,Game 3,Game 4,Game 5,Game 6,NaN
2026-09-10T20:58:15.389844,2025,Test Game,NaN,NaN,NaN,NaN,NaN,NaN
2026-09-10T20:58:15.792335,2025,NaN,NaN,NaN,NaN,NaN,NaN,NaN
2026-09-10T20:58:16.148439,2025,Game A,NaN,NaN,NaN,NaN,NaN,NaN
2026-09-10T20:58:16.180237,2025,Game B,NaN,NaN,NaN,NaN,NaN,NaN
2026-09-10T20:58:17.128047,2025,E2E_GOTY_Pick_1789084696772,NaN,Clair Obscur: Expedition 33,NaN,NaN,NaN,NaN
2026-09-10T20:58:17.495443,2025,Partial_CSV_Pick_1789084697161,NaN,NaN,NaN,NaN,NaN,NaN
2026-09-10T20:58:17.874437,2025,Full_1789084697522_Game_of_the_Year,Full_1789084697522_Best_Independent_Game,Full_1789084697522_Best_Narrative,Full_1789084697522_Best_Art_Direction,Full_1789084697522_Best_Soundtrack,Full_1789084697522_Best_Multiplayer,Full_1789084697522_Best_Game_Direction
2026-09-10T20:58:18.255353,2024,Toggle_1789084697904,NaN,NaN,NaN,NaN,NaN,NaN
2026-09-10T20:58:19.653841,2014,Game2014_1789084699,NaN,NaN,NaN,NaN,NaN,NaN
2026-09-10T20:58:19.692080,2020,Game2020_1789084699,NaN,NaN,NaN,NaN,NaN,NaN
2026-09-10T20:58:19.730632,2025,Game2025_1789084699,NaN,NaN,NaN,NaN,NaN,NaN
2026-09-10T20:58:20.122678,2025,"Ghost of Yōtei: Director's ""Special"" Edition 1789084699",NaN,NaN,NaN,NaN,NaN,NaN
2026-09-10T20:58:20.844407,2025,NaN,NaN,NaN,NaN,NaN,NaN,NaN
2026-09-10T20:58:21.251510,2025,Roundtrip_1789084700904,NaN,NaN,NaN,NaN,NaN,NaN
2026-09-10T20:58:21.848062,2025,Clair Obscur: Expedition 33 S2_1789084701470,Blue Prince S2_1789084701470,Silent Hill f S2_1789084701470,Ghost of Yōtei S2_1789084701470,Hades II S2_1789084701470,Arc Raiders S2_1789084701470,Death Stranding 2 S2_1789084701470
2026-09-10T20:58:22.228544,2024,Balatro S3_1789084701877,NaN,NaN,NaN,Final Fantasy VII Rebirth S3_1789084701877,NaN,NaN
2026-09-10T21:00:36.579308,2025,Clair Obscur: Expedition 33,Silksong,Clair Obscur: Expedition 33,Ghost of Yōtei,Clair Obscur: Expedition 33,Arc Raiders,Clair Obscur: Expedition 33
2026-09-10T21:00:36.975804,2025,TestGame_1789084836600,NaN,NaN,NaN,NaN,NaN,NaN
2026-09-10T21:00:37.382032,2025,CsvTestGame_1789084837003,NaN,NaN,NaN,NaN,NaN,NaN
2026-09-10T21:00:38.849648,2025,PartialNull_1789084838190,NaN,NaN,NaN,NaN,NaN,NaN
2026-09-10T21:00:39.255994,2025,PartialNan_1789084838884,NaN,NaN,NaN,NaN,NaN,NaN
2026-09-10T21:00:39.643799,2025,NaN,NaN,NaN,NaN,NaN,NaN,NaN
2026-09-10T21:00:40.009514,2025,FlatSchema_1789084839665,NaN,NaN,NaN,NaN,NaN,NaN
2026-09-10T21:00:42.729349,2025,"TestGame, With Comma 1789084842",NaN,NaN,NaN,NaN,NaN,NaN
2026-09-10T21:00:43.107813,2025,"Game ""Quoted"" 1789084842",NaN,NaN,NaN,NaN,NaN,NaN
2026-09-10T21:00:43.489432,2025,Ghost of Yōtei 1789084843,NaN,NaN,NaN,NaN,NaN,NaN
2026-09-10T21:00:43.868234,2025,Rapid_0,NaN,NaN,NaN,NaN,NaN,NaN
2026-09-10T21:00:43.914352,2025,Rapid_1,NaN,NaN,NaN,NaN,NaN,NaN
2026-09-10T21:00:43.938112,2025,Rapid_2,NaN,NaN,NaN,NaN,NaN,NaN
2026-09-10T21:00:43.975698,2025,Rapid_3,NaN,NaN,NaN,NaN,NaN,NaN
2026-09-10T21:00:44.007292,2025,Rapid_4,NaN,NaN,NaN,NaN,NaN,NaN
2026-09-10T21:00:44.411617,2025,OneOfSeven_1789084844,NaN,NaN,NaN,NaN,NaN,NaN
2026-09-10T21:00:44.800907,2025,Game 1,Game 2,Game 3,Game 4,Game 5,Game 6,NaN
2026-09-10T21:00:45.184013,2025,Test Game,NaN,NaN,NaN,NaN,NaN,NaN
2026-09-10T21:00:45.571516,2025,NaN,NaN,NaN,NaN,NaN,NaN,NaN
2026-09-10T21:00:45.936368,2025,Game A,NaN,NaN,NaN,NaN,NaN,NaN
2026-09-10T21:00:45.960485,2025,Game B,NaN,NaN,NaN,NaN,NaN,NaN
2026-09-10T21:00:46.882813,2025,E2E_GOTY_Pick_1789084846510,NaN,Clair Obscur: Expedition 33,NaN,NaN,NaN,NaN
2026-09-10T21:00:47.251008,2025,Partial_CSV_Pick_1789084846916,NaN,NaN,NaN,NaN,NaN,NaN
2026-09-10T21:00:47.965854,2025,Full_1789084847274_Game_of_the_Year,Full_1789084847274_Best_Independent_Game,Full_1789084847274_Best_Narrative,Full_1789084847274_Best_Art_Direction,Full_1789084847274_Best_Soundtrack,Full_1789084847274_Best_Multiplayer,Full_1789084847274_Best_Game_Direction
2026-09-10T21:00:48.348025,2024,Toggle_1789084847997,NaN,NaN,NaN,NaN,NaN,NaN
2026-09-10T21:00:49.751127,2014,Game2014_1789084849,NaN,NaN,NaN,NaN,NaN,NaN
2026-09-10T21:00:49.775805,2020,Game2020_1789084849,NaN,NaN,NaN,NaN,NaN,NaN
2026-09-10T21:00:49.812671,2025,Game2025_1789084849,NaN,NaN,NaN,NaN,NaN,NaN
2026-09-10T21:00:50.202690,2025,"Ghost of Yōtei: Director's ""Special"" Edition 1789084849",NaN,NaN,NaN,NaN,NaN,NaN
2026-09-10T21:00:50.652573,2025,NaN,NaN,NaN,NaN,NaN,NaN,NaN
2026-09-10T21:00:51.092714,2025,Roundtrip_1789084850721,NaN,NaN,NaN,NaN,NaN,NaN
2026-09-10T21:00:51.642076,2025,Clair Obscur: Expedition 33 S2_1789084851301,Blue Prince S2_1789084851301,Silent Hill f S2_1789084851301,Ghost of Yōtei S2_1789084851301,Hades II S2_1789084851301,Arc Raiders S2_1789084851301,Death Stranding 2 S2_1789084851301
2026-09-10T21:00:52.024660,2024,Balatro S3_1789084851680,NaN,NaN,NaN,Final Fantasy VII Rebirth S3_1789084851680,NaN,NaN
2026-09-10T21:08:28.385780,2025,Clair Obscur: Expedition 33,Silksong,Clair Obscur: Expedition 33,Ghost of Yōtei,Clair Obscur: Expedition 33,Arc Raiders,Clair Obscur: Expedition 33
2026-09-10T21:08:28.767820,2025,TestGame_1789085308411,NaN,NaN,NaN,NaN,NaN,NaN
2026-09-10T21:08:29.154361,2025,CsvTestGame_1789085308794,NaN,NaN,NaN,NaN,NaN,NaN
2026-09-10T21:08:30.265459,2025,PartialNull_1789085309924,NaN,NaN,NaN,NaN,NaN,NaN
2026-09-10T21:08:30.690867,2025,PartialNan_1789085310319,NaN,NaN,NaN,NaN,NaN,NaN
2026-09-10T21:08:31.090572,2025,NaN,NaN,NaN,NaN,NaN,NaN,NaN
2026-09-10T21:08:31.480116,2025,FlatSchema_1789085311112,NaN,NaN,NaN,NaN,NaN,NaN
2026-09-10T21:08:34.198114,2025,"TestGame, With Comma 1789085313",NaN,NaN,NaN,NaN,NaN,NaN
2026-09-10T21:08:34.920484,2025,"Game ""Quoted"" 1789085314",NaN,NaN,NaN,NaN,NaN,NaN
2026-09-10T21:08:35.614997,2025,Ghost of Yōtei 1789085314,NaN,NaN,NaN,NaN,NaN,NaN
2026-09-10T21:08:36.000719,2025,Rapid_0,NaN,NaN,NaN,NaN,NaN,NaN
2026-09-10T21:08:36.050906,2025,Rapid_1,NaN,NaN,NaN,NaN,NaN,NaN
2026-09-10T21:08:36.093189,2025,Rapid_2,NaN,NaN,NaN,NaN,NaN,NaN
2026-09-10T21:08:36.132146,2025,Rapid_3,NaN,NaN,NaN,NaN,NaN,NaN
2026-09-10T21:08:36.182232,2025,Rapid_4,NaN,NaN,NaN,NaN,NaN,NaN
2026-09-10T21:08:36.591256,2025,OneOfSeven_1789085316,NaN,NaN,NaN,NaN,NaN,NaN
2026-09-10T21:08:37.293468,2025,Game 1,Game 2,Game 3,Game 4,Game 5,Game 6,NaN
2026-09-10T21:08:37.683727,2025,Test Game,NaN,NaN,NaN,NaN,NaN,NaN
2026-09-10T21:08:38.074106,2025,NaN,NaN,NaN,NaN,NaN,NaN,NaN
2026-09-10T21:08:38.505330,2025,Game A,NaN,NaN,NaN,NaN,NaN,NaN
2026-09-10T21:08:38.536506,2025,Game B,NaN,NaN,NaN,NaN,NaN,NaN
2026-09-10T21:08:39.528504,2025,E2E_GOTY_Pick_1789085319170,NaN,Clair Obscur: Expedition 33,NaN,NaN,NaN,NaN
2026-09-10T21:08:39.912141,2025,Partial_CSV_Pick_1789085319571,NaN,NaN,NaN,NaN,NaN,NaN
2026-09-10T21:08:40.289724,2025,Full_1789085319946_Game_of_the_Year,Full_1789085319946_Best_Independent_Game,Full_1789085319946_Best_Narrative,Full_1789085319946_Best_Art_Direction,Full_1789085319946_Best_Soundtrack,Full_1789085319946_Best_Multiplayer,Full_1789085319946_Best_Game_Direction
2026-09-10T21:08:40.711692,2024,Toggle_1789085320336,NaN,NaN,NaN,NaN,NaN,NaN
2026-09-10T21:08:41.863304,2014,Game2014_1789085321,NaN,NaN,NaN,NaN,NaN,NaN
2026-09-10T21:08:41.892591,2020,Game2020_1789085321,NaN,NaN,NaN,NaN,NaN,NaN
2026-09-10T21:08:41.939209,2025,Game2025_1789085321,NaN,NaN,NaN,NaN,NaN,NaN
2026-09-10T21:08:42.329883,2025,"Ghost of Yōtei: Director's ""Special"" Edition 1789085321",NaN,NaN,NaN,NaN,NaN,NaN
2026-09-10T21:08:42.780378,2025,NaN,NaN,NaN,NaN,NaN,NaN,NaN
2026-09-10T21:08:43.195509,2025,Roundtrip_1789085322838,NaN,NaN,NaN,NaN,NaN,NaN
2026-09-10T21:08:43.766437,2025,Clair Obscur: Expedition 33 S2_1789085323423,Blue Prince S2_1789085323423,Silent Hill f S2_1789085323423,Ghost of Yōtei S2_1789085323423,Hades II S2_1789085323423,Arc Raiders S2_1789085323423,Death Stranding 2 S2_1789085323423
2026-09-10T21:08:44.173536,2024,Balatro S3_1789085323801,NaN,NaN,NaN,Final Fantasy VII Rebirth S3_1789085323801,NaN,NaN
2026-09-10T21:09:52.020550,2025,Clair Obscur: Expedition 33 S2_1789085391629,Blue Prince S2_1789085391629,Silent Hill f S2_1789085391629,Ghost of Yōtei S2_1789085391629,Hades II S2_1789085391629,Arc Raiders S2_1789085391629,Death Stranding 2 S2_1789085391629
2026-09-10T21:09:52.426860,2024,Balatro S3_1789085392054,NaN,NaN,NaN,Final Fantasy VII Rebirth S3_1789085392054,NaN,NaN
2026-09-10T21:12:11.164913,2025,Clair Obscur: Expedition 33,Silksong,Clair Obscur: Expedition 33,Ghost of Yōtei,Clair Obscur: Expedition 33,Arc Raiders,Clair Obscur: Expedition 33
2026-09-10T21:12:11.873457,2025,TestGame_1789085531195,NaN,NaN,NaN,NaN,NaN,NaN
2026-09-10T21:12:12.262494,2025,CsvTestGame_1789085531898,NaN,NaN,NaN,NaN,NaN,NaN
2026-09-10T21:12:13.435623,2025,PartialNull_1789085533081,NaN,NaN,NaN,NaN,NaN,NaN
2026-09-10T21:12:13.839375,2025,PartialNan_1789085533467,NaN,NaN,NaN,NaN,NaN,NaN
2026-09-10T21:12:14.229106,2025,NaN,NaN,NaN,NaN,NaN,NaN,NaN
2026-09-10T21:12:14.631534,2025,FlatSchema_1789085534253,NaN,NaN,NaN,NaN,NaN,NaN
2026-09-10T21:12:17.299170,2025,"TestGame, With Comma 1789085536",NaN,NaN,NaN,NaN,NaN,NaN
2026-09-10T21:12:18.006640,2025,"Game ""Quoted"" 1789085537",NaN,NaN,NaN,NaN,NaN,NaN
2026-09-10T21:12:18.698163,2025,Ghost of Yōtei 1789085538,NaN,NaN,NaN,NaN,NaN,NaN
2026-09-10T21:12:19.128004,2025,Rapid_0,NaN,NaN,NaN,NaN,NaN,NaN
2026-09-10T21:12:19.157592,2025,Rapid_1,NaN,NaN,NaN,NaN,NaN,NaN
2026-09-10T21:12:19.200115,2025,Rapid_2,NaN,NaN,NaN,NaN,NaN,NaN
2026-09-10T21:12:19.230032,2025,Rapid_3,NaN,NaN,NaN,NaN,NaN,NaN
2026-09-10T21:12:19.254118,2025,Rapid_4,NaN,NaN,NaN,NaN,NaN,NaN
2026-09-10T21:12:19.665842,2025,OneOfSeven_1789085539,NaN,NaN,NaN,NaN,NaN,NaN
2026-09-10T21:12:20.056521,2025,Game 1,Game 2,Game 3,Game 4,Game 5,Game 6,NaN
2026-09-10T21:12:20.419727,2025,Test Game,NaN,NaN,NaN,NaN,NaN,NaN
2026-09-10T21:12:21.135900,2025,NaN,NaN,NaN,NaN,NaN,NaN,NaN
2026-09-10T21:12:21.503532,2025,Game A,NaN,NaN,NaN,NaN,NaN,NaN
2026-09-10T21:12:21.552973,2025,Game B,NaN,NaN,NaN,NaN,NaN,NaN
2026-09-10T21:12:22.432740,2025,E2E_GOTY_Pick_1789085542085,NaN,Clair Obscur: Expedition 33,NaN,NaN,NaN,NaN
2026-09-10T21:12:23.130692,2025,Partial_CSV_Pick_1789085542474,NaN,NaN,NaN,NaN,NaN,NaN
2026-09-10T21:12:23.499886,2025,Full_1789085543162_Game_of_the_Year,Full_1789085543162_Best_Independent_Game,Full_1789085543162_Best_Narrative,Full_1789085543162_Best_Art_Direction,Full_1789085543162_Best_Soundtrack,Full_1789085543162_Best_Multiplayer,Full_1789085543162_Best_Game_Direction
2026-09-10T21:12:23.892208,2024,Toggle_1789085543528,NaN,NaN,NaN,NaN,NaN,NaN
2026-09-10T21:12:24.972492,2014,Game2014_1789085544,NaN,NaN,NaN,NaN,NaN,NaN
2026-09-10T21:12:25.008022,2020,Game2020_1789085544,NaN,NaN,NaN,NaN,NaN,NaN
2026-09-10T21:12:25.054154,2025,Game2025_1789085544,NaN,NaN,NaN,NaN,NaN,NaN
2026-09-10T21:12:25.537127,2025,"Ghost of Yōtei: Director's ""Special"" Edition 1789085545",NaN,NaN,NaN,NaN,NaN,NaN
2026-09-10T21:12:26.049477,2025,NaN,NaN,NaN,NaN,NaN,NaN,NaN
2026-09-10T21:12:26.460349,2025,Roundtrip_1789085546114,NaN,NaN,NaN,NaN,NaN,NaN
2026-09-10T21:12:27.017463,2025,Clair Obscur: Expedition 33 S2_1789085546680,Blue Prince S2_1789085546680,Silent Hill f S2_1789085546680,Ghost of Yōtei S2_1789085546680,Hades II S2_1789085546680,Arc Raiders S2_1789085546680,Death Stranding 2 S2_1789085546680
2026-09-10T21:12:27.699701,2024,Balatro S3_1789085547052,NaN,NaN,NaN,Final Fantasy VII Rebirth S3_1789085547052,NaN,NaN
2026-09-10T21:19:26.943881,2025,Clair Obscur: Expedition 33 S2_1789085966524,Blue Prince S2_1789085966524,Silent Hill f S2_1789085966524,Ghost of Yōtei S2_1789085966524,Hades II S2_1789085966524,Arc Raiders S2_1789085966524,Death Stranding 2 S2_1789085966524
2026-09-10T21:19:27.340264,2024,Balatro S3_1789085966980,NaN,NaN,NaN,Final Fantasy VII Rebirth S3_1789085966980,NaN,NaN
2026-09-10T21:19:39.497172,2025,Clair Obscur: Expedition 33,Silksong,Clair Obscur: Expedition 33,Ghost of Yōtei,Clair Obscur: Expedition 33,Arc Raiders,Clair Obscur: Expedition 33
2026-09-10T21:19:39.904563,2025,TestGame_1789085979521,NaN,NaN,NaN,NaN,NaN,NaN
2026-09-10T21:19:40.310823,2025,CsvTestGame_1789085979934,NaN,NaN,NaN,NaN,NaN,NaN
2026-09-10T21:19:41.428740,2025,PartialNull_1789085981083,NaN,NaN,NaN,NaN,NaN,NaN
2026-09-10T21:19:41.813917,2025,PartialNan_1789085981474,NaN,NaN,NaN,NaN,NaN,NaN
2026-09-10T21:19:42.208686,2025,NaN,NaN,NaN,NaN,NaN,NaN,NaN
2026-09-10T21:19:42.598672,2025,FlatSchema_1789085982228,NaN,NaN,NaN,NaN,NaN,NaN
2026-09-10T21:19:45.274072,2025,"TestGame, With Comma 1789085984",NaN,NaN,NaN,NaN,NaN,NaN
2026-09-10T21:19:45.642880,2025,"Game ""Quoted"" 1789085985",NaN,NaN,NaN,NaN,NaN,NaN
2026-09-10T21:19:46.051261,2025,Ghost of Yōtei 1789085985,NaN,NaN,NaN,NaN,NaN,NaN
2026-09-10T21:19:46.418846,2025,Rapid_0,NaN,NaN,NaN,NaN,NaN,NaN
2026-09-10T21:19:46.443470,2025,Rapid_1,NaN,NaN,NaN,NaN,NaN,NaN
2026-09-10T21:19:46.469287,2025,Rapid_2,NaN,NaN,NaN,NaN,NaN,NaN
2026-09-10T21:19:46.494733,2025,Rapid_3,NaN,NaN,NaN,NaN,NaN,NaN
2026-09-10T21:19:46.519884,2025,Rapid_4,NaN,NaN,NaN,NaN,NaN,NaN
2026-09-10T21:19:46.937087,2025,OneOfSeven_1789085986,NaN,NaN,NaN,NaN,NaN,NaN
2026-09-10T21:19:47.320340,2025,Game 1,Game 2,Game 3,Game 4,Game 5,Game 6,NaN
2026-09-10T21:19:47.692749,2025,Test Game,NaN,NaN,NaN,NaN,NaN,NaN
2026-09-10T21:19:48.063673,2025,NaN,NaN,NaN,NaN,NaN,NaN,NaN
2026-09-10T21:19:48.462517,2025,Game A,NaN,NaN,NaN,NaN,NaN,NaN
2026-09-10T21:19:48.494995,2025,Game B,NaN,NaN,NaN,NaN,NaN,NaN
2026-09-10T21:19:49.457418,2025,E2E_GOTY_Pick_1789085989096,NaN,Clair Obscur: Expedition 33,NaN,NaN,NaN,NaN
2026-09-10T21:19:49.862409,2025,Partial_CSV_Pick_1789085989494,NaN,NaN,NaN,NaN,NaN,NaN
2026-09-10T21:19:50.261635,2025,Full_1789085989887_Game_of_the_Year,Full_1789085989887_Best_Independent_Game,Full_1789085989887_Best_Narrative,Full_1789085989887_Best_Art_Direction,Full_1789085989887_Best_Soundtrack,Full_1789085989887_Best_Multiplayer,Full_1789085989887_Best_Game_Direction
2026-09-10T21:19:50.643501,2024,Toggle_1789085990296,NaN,NaN,NaN,NaN,NaN,NaN
2026-09-10T21:19:51.782358,2014,Game2014_1789085991,NaN,NaN,NaN,NaN,NaN,NaN
2026-09-10T21:19:51.827124,2020,Game2020_1789085991,NaN,NaN,NaN,NaN,NaN,NaN
2026-09-10T21:19:51.873901,2025,Game2025_1789085991,NaN,NaN,NaN,NaN,NaN,NaN
2026-09-10T21:19:52.259702,2025,"Ghost of Yōtei: Director's ""Special"" Edition 1789085991",NaN,NaN,NaN,NaN,NaN,NaN
2026-09-10T21:19:53.007926,2025,NaN,NaN,NaN,NaN,NaN,NaN,NaN
2026-09-10T21:19:53.475605,2025,Roundtrip_1789085993100,NaN,NaN,NaN,NaN,NaN,NaN
2026-09-10T21:19:54.128446,2025,Clair Obscur: Expedition 33 S2_1789085993763,Blue Prince S2_1789085993763,Silent Hill f S2_1789085993763,Ghost of Yōtei S2_1789085993763,Hades II S2_1789085993763,Arc Raiders S2_1789085993763,Death Stranding 2 S2_1789085993763
2026-09-10T21:19:54.529249,2024,Balatro S3_1789085994162,NaN,NaN,NaN,Final Fantasy VII Rebirth S3_1789085994162,NaN,NaN
2026-09-10T21:22:03.812893,2025,Clair Obscur: Expedition 33,Silksong,Clair Obscur: Expedition 33,Ghost of Yōtei,Clair Obscur: Expedition 33,Arc Raiders,Clair Obscur: Expedition 33
2026-09-10T21:22:04.212397,2025,TestGame_1789086123836,NaN,NaN,NaN,NaN,NaN,NaN
2026-09-10T21:22:04.590459,2025,CsvTestGame_1789086124244,NaN,NaN,NaN,NaN,NaN,NaN
2026-09-10T21:22:06.074256,2025,PartialNull_1789086125378,NaN,NaN,NaN,NaN,NaN,NaN
2026-09-10T21:22:06.765028,2025,PartialNan_1789086126107,NaN,NaN,NaN,NaN,NaN,NaN
2026-09-10T21:22:07.477742,2025,NaN,NaN,NaN,NaN,NaN,NaN,NaN
2026-09-10T21:22:07.858159,2025,FlatSchema_1789086127508,NaN,NaN,NaN,NaN,NaN,NaN
2026-09-10T21:22:10.694697,2025,"TestGame, With Comma 1789086130",NaN,NaN,NaN,NaN,NaN,NaN
2026-09-10T21:22:11.395640,2025,"Game ""Quoted"" 1789086130",NaN,NaN,NaN,NaN,NaN,NaN
2026-09-10T21:22:12.113953,2025,Ghost of Yōtei 1789086131,NaN,NaN,NaN,NaN,NaN,NaN
2026-09-10T21:22:12.523400,2025,Rapid_0,NaN,NaN,NaN,NaN,NaN,NaN
2026-09-10T21:22:12.574760,2025,Rapid_1,NaN,NaN,NaN,NaN,NaN,NaN
2026-09-10T21:22:12.629963,2025,Rapid_2,NaN,NaN,NaN,NaN,NaN,NaN
2026-09-10T21:22:12.672646,2025,Rapid_3,NaN,NaN,NaN,NaN,NaN,NaN
2026-09-10T21:22:12.708973,2025,Rapid_4,NaN,NaN,NaN,NaN,NaN,NaN
2026-09-10T21:22:13.105020,2025,OneOfSeven_1789086132,NaN,NaN,NaN,NaN,NaN,NaN
2026-09-10T21:22:13.813117,2025,Game 1,Game 2,Game 3,Game 4,Game 5,Game 6,NaN
2026-09-10T21:22:14.541083,2025,Test Game,NaN,NaN,NaN,NaN,NaN,NaN
2026-09-10T21:22:15.255014,2025,NaN,NaN,NaN,NaN,NaN,NaN,NaN
2026-09-10T21:22:15.646848,2025,Game A,NaN,NaN,NaN,NaN,NaN,NaN
2026-09-10T21:22:15.678460,2025,Game B,NaN,NaN,NaN,NaN,NaN,NaN
2026-09-10T21:22:16.746903,2025,E2E_GOTY_Pick_1789086136403,NaN,Clair Obscur: Expedition 33,NaN,NaN,NaN,NaN
2026-09-10T21:22:17.456237,2025,Partial_CSV_Pick_1789086136791,NaN,NaN,NaN,NaN,NaN,NaN
2026-09-10T21:22:18.164113,2025,Full_1789086137507_Game_of_the_Year,Full_1789086137507_Best_Independent_Game,Full_1789086137507_Best_Narrative,Full_1789086137507_Best_Art_Direction,Full_1789086137507_Best_Soundtrack,Full_1789086137507_Best_Multiplayer,Full_1789086137507_Best_Game_Direction
2026-09-10T21:22:18.896902,2024,Toggle_1789086138201,NaN,NaN,NaN,NaN,NaN,NaN
2026-09-10T21:22:20.388756,2014,Game2014_1789086140,NaN,NaN,NaN,NaN,NaN,NaN
2026-09-10T21:22:20.415474,2020,Game2020_1789086140,NaN,NaN,NaN,NaN,NaN,NaN
2026-09-10T21:22:20.449338,2025,Game2025_1789086140,NaN,NaN,NaN,NaN,NaN,NaN
2026-09-10T21:22:20.822040,2025,"Ghost of Yōtei: Director's ""Special"" Edition 1789086140",NaN,NaN,NaN,NaN,NaN,NaN
2026-09-10T21:22:21.624382,2025,NaN,NaN,NaN,NaN,NaN,NaN,NaN
2026-09-10T21:22:22.347438,2025,Roundtrip_1789086141694,NaN,NaN,NaN,NaN,NaN,NaN
2026-09-10T21:22:22.985213,2025,Clair Obscur: Expedition 33 S2_1789086142623,Blue Prince S2_1789086142623,Silent Hill f S2_1789086142623,Ghost of Yōtei S2_1789086142623,Hades II S2_1789086142623,Arc Raiders S2_1789086142623,Death Stranding 2 S2_1789086142623
2026-09-10T21:22:23.705569,2024,Balatro S3_1789086143022,NaN,NaN,NaN,Final Fantasy VII Rebirth S3_1789086143022,NaN,NaN
